CREATE DATABASE  IF NOT EXISTS `posgal` /*!40100 DEFAULT CHARACTER SET utf8mb4 */;
USE `posgal`;
-- MySQL dump 10.17  Distrib 10.3.13-MariaDB, for debian-linux-gnu (x86_64)
--
-- Host: localhost    Database: posgal
-- ------------------------------------------------------
-- Server version	10.0.34-MariaDB-0ubuntu0.16.04.1

/*!40101 SET @OLD_CHARACTER_SET_CLIENT=@@CHARACTER_SET_CLIENT */;
/*!40101 SET @OLD_CHARACTER_SET_RESULTS=@@CHARACTER_SET_RESULTS */;
/*!40101 SET @OLD_COLLATION_CONNECTION=@@COLLATION_CONNECTION */;
/*!40101 SET NAMES utf8 */;
/*!40103 SET @OLD_TIME_ZONE=@@TIME_ZONE */;
/*!40103 SET TIME_ZONE='+00:00' */;
/*!40014 SET @OLD_UNIQUE_CHECKS=@@UNIQUE_CHECKS, UNIQUE_CHECKS=0 */;
/*!40014 SET @OLD_FOREIGN_KEY_CHECKS=@@FOREIGN_KEY_CHECKS, FOREIGN_KEY_CHECKS=0 */;
/*!40101 SET @OLD_SQL_MODE=@@SQL_MODE, SQL_MODE='NO_AUTO_VALUE_ON_ZERO' */;
/*!40111 SET @OLD_SQL_NOTES=@@SQL_NOTES, SQL_NOTES=0 */;

--
-- Table structure for table `barangs`
--

DROP TABLE IF EXISTS `barangs`;
/*!40101 SET @saved_cs_client     = @@character_set_client */;
/*!40101 SET character_set_client = utf8 */;
CREATE TABLE `barangs` (
  `id` int(10) unsigned NOT NULL AUTO_INCREMENT,
  `kd_barang` varchar(191) COLLATE utf8mb4_unicode_ci NOT NULL,
  `category_id` int(10) unsigned NOT NULL,
  `merk_id` int(10) unsigned NOT NULL,
  `barang` varchar(191) COLLATE utf8mb4_unicode_ci NOT NULL,
  `satuan` varchar(191) COLLATE utf8mb4_unicode_ci NOT NULL,
  `hrg_beli` int(10) unsigned NOT NULL,
  `ongkir_pembelian` int(11) NOT NULL DEFAULT '0',
  `hrg_jual` int(10) unsigned NOT NULL,
  `stok` int(10) unsigned NOT NULL,
  `stok_min` int(10) unsigned DEFAULT NULL,
  `discount` int(10) unsigned DEFAULT '0',
  `created_at` timestamp NULL DEFAULT NULL,
  `updated_at` timestamp NULL DEFAULT NULL,
  PRIMARY KEY (`id`),
  UNIQUE KEY `barangs_kd_barang_unique` (`kd_barang`),
  KEY `barangs_category_id_foreign` (`category_id`),
  KEY `barangs_merk_id_foreign` (`merk_id`),
  CONSTRAINT `barangs_category_id_foreign` FOREIGN KEY (`category_id`) REFERENCES `categories` (`id`) ON DELETE CASCADE ON UPDATE CASCADE,
  CONSTRAINT `barangs_merk_id_foreign` FOREIGN KEY (`merk_id`) REFERENCES `merks` (`id`) ON DELETE CASCADE ON UPDATE CASCADE
) ENGINE=InnoDB AUTO_INCREMENT=448 DEFAULT CHARSET=utf8mb4 COLLATE=utf8mb4_unicode_ci;
/*!40101 SET character_set_client = @saved_cs_client */;

--
-- Dumping data for table `barangs`
--

LOCK TABLES `barangs` WRITE;
/*!40000 ALTER TABLE `barangs` DISABLE KEYS */;
INSERT INTO `barangs` VALUES (9,'KSKKGC180',1,6,'Grand Classic 180','unit',44200000,0,44200000,2,1,10,'2018-09-21 15:02:34','2019-02-11 17:34:03'),(13,'KSSRESTATE180',1,7,'Estate 180','unit',123,0,123,1,1,NULL,'2018-09-21 15:31:45','2019-02-27 17:47:54'),(15,'KSIBLNCE180',1,7,'I Balance 180','unit',26000000,0,26000000,2,1,NULL,'2018-09-21 16:09:26','2019-02-09 12:19:02'),(22,'krsiics011cmrhkn',2,1,'ICS 011 C Merah Kain','unit',123,0,270000,40,1,NULL,'2018-12-10 17:06:58','2019-03-02 17:47:54'),(24,'KRIC6040CHTMOSCR',2,1,'IC 6040 C HITAM OSCAR','unit',123,0,123,1,1,10,'2018-12-10 17:24:01','2019-02-02 13:26:13'),(25,'KRSIC7HB077',2,1,'IC 7 HB 077','unit',123,0,123,2,1,NULL,'2019-01-10 11:52:28','2019-02-23 09:12:17'),(27,'KRSIC6H48',2,1,'IC 6 H 48','unit',123,0,123,10,1,NULL,'2019-01-10 11:55:30','2019-03-02 15:36:13'),(28,'KRIC6090UACHTMOSCR',2,1,'IC 6090 UAC HITAM OSCAR','unit',1000,0,1380000,15,1,NULL,'2019-01-10 12:38:05','2019-03-02 15:34:57'),(29,'IC 6090 C Hitam Oscar',2,1,'Ic 6090 C Hitam Oscar','unit',123,0,1600000,9,1,NULL,'2019-01-10 12:41:16','2019-02-26 17:15:50'),(30,'KRSOXY1HTMOSCR',2,2,'OXY 1 HITAM OSCAR','unit',123,0,123,12,1,NULL,'2019-01-10 12:45:00','2019-02-26 11:47:16'),(31,'krsiicvcs3sslvr',2,1,'VC 3 S Silver','unit',123,0,2050000,4,1,10,'2019-01-10 13:07:39','2019-01-28 16:56:45'),(32,'krsiicVC4SHtm',2,1,'VC 4S Hitam','unit',123,0,2600000,7,1,10,'2019-01-10 13:08:58','2019-01-28 17:11:45'),(35,'MJRICX917MPPL',11,1,'ICX 917','set',123,0,2100000,1,1,10,'2019-01-10 13:31:47','2019-01-29 14:13:43'),(37,'ICT 21',10,1,'ICT 21','unit',0,0,2365000,2,1,0,'2019-01-10 13:44:31','2019-01-10 13:44:31'),(38,'ICT 22 B',10,1,'ICT 22 B','unit',0,0,2420000,1,1,0,'2019-01-10 13:46:27','2019-01-10 13:46:27'),(39,'KRINDLTS3CRBIRUKAIN',2,3,'Lotus 3 CR Biru Kain','unit',123,0,820000,4,1,0,'2019-01-10 13:58:34','2019-01-28 13:13:35'),(40,'KRINDDCL01MRHOSCAR',2,3,'DCL 01 Merah Oscar','unit',123,0,460000,1,1,0,'2019-01-10 14:06:17','2019-01-28 13:11:40'),(41,'DCL 01 Hitam',2,3,'DCL 01 OSCAR Hitam','unit',123,0,460000,9,1,NULL,'2019-01-10 14:09:19','2019-02-21 09:31:56'),(42,'DCL 05 KJ Kain Biru',2,3,'DCL 05 KJ Kain Biru','unit',123,0,770000,6,1,10,'2019-01-10 14:10:59','2019-01-29 10:25:54'),(43,'KRSICZLR1CRGABU2',2,1,'Zalora 1 CR/G','unit',123,0,1050000,6,1,NULL,'2019-01-10 14:18:06','2019-03-02 09:11:51'),(44,'IC 6080 C Hitam Oscar',2,1,'IC 6080 C Hitam Oscar','unit',123,0,1680000,8,1,10,'2019-01-10 14:22:10','2019-01-28 16:21:11'),(45,'MJRIC919CHRRY',11,1,'IC 919 Cherry','set',123,0,2345000,0,1,NULL,'2019-01-10 14:24:48','2019-02-26 11:49:51'),(47,'L33',13,11,'L33','unit',123,0,3179000,4,1,10,'2019-01-10 14:33:56','2019-01-29 13:55:24'),(48,'L44',14,11,'L44','unit',123,0,3058000,10,1,10,'2019-01-10 15:04:39','2019-01-29 13:56:14'),(49,'MJIC902A (1 Rusak BPN)',10,1,'IC 902 A','unit',123,0,985000,12,1,NULL,'2019-01-10 15:26:15','2019-03-02 16:41:18'),(50,'MJIC905C',10,1,'IC 905 Cherry','unit',123,0,1370000,9,1,NULL,'2019-01-11 11:07:53','2019-02-21 09:35:20'),(51,'IC 907 Cherry',10,1,'IC 907 Cherry','unit',0,0,1445000,3,1,10,'2019-01-11 11:09:03','2019-01-11 11:09:03'),(52,'IC 901 Cherry',10,1,'IC 901 Cherry','unit',0,0,820000,9,1,10,'2019-01-11 11:10:23','2019-01-11 11:10:23'),(53,'ICX 901 Mapple',10,1,'ICX 901 Mapple','unit',0,0,955000,3,1,10,'2019-01-11 11:11:47','2019-01-11 11:11:47'),(54,'ICX 905',10,1,'ICX 905','unit',0,0,1495000,2,1,10,'2019-01-11 11:13:33','2019-01-11 11:13:33'),(55,'ICX 907 Mapple',10,1,'ICX 907 Mapple','unit',0,0,1550000,2,1,10,'2019-01-11 11:16:23','2019-01-11 11:16:23'),(56,'LCIC702-1CCHRRY',15,1,'IC 702-1  C Cherry','unit',123,0,700000,15,1,NULL,'2019-01-11 11:25:14','2019-03-02 14:49:04'),(57,'MJICZ902',10,1,'ICZ 902  Mapple','unit',123,0,123,2,1,10,'2019-01-11 11:38:53','2019-01-29 13:48:56'),(58,'IC 702-2 C Cherry',15,1,'IC 702-2 C Cherry','unit',123,0,785000,8,1,NULL,'2019-01-11 12:00:19','2019-02-21 09:36:31'),(59,'LCIC703CHRRY',15,1,'IC 703 Cherry','unit',123,0,755000,3,1,NULL,'2019-01-11 12:09:54','2019-02-21 09:36:54'),(60,'LCICX702-2CMPPL',15,1,'ICX 702-2 C MAPPLE','unit',123,0,850000,5,1,NULL,'2019-01-11 12:23:00','2019-03-02 16:43:19'),(61,'LCICX702-1CMPPL(1RUSAK)',15,1,'ICX 702-1 C MAPPLE','unit',123,0,820000,18,1,NULL,'2019-01-11 12:48:28','2019-03-02 16:42:55'),(62,'LCIC705CHRRY',15,1,'IC 705 Cherry','unit',123,0,1060000,2,1,10,'2019-01-11 12:51:31','2019-01-29 17:29:07'),(63,'LCICX703MPPL',15,1,'ICX 703 MAPPLE','unit',123,0,790000,4,1,NULL,'2019-01-11 12:53:19','2019-03-02 16:44:34'),(64,'KRSHKBLZ2HTMOSCR',2,2,'Bluez 2 Hitam Oscar','unit',123,0,1050000,13,1,NULL,'2019-01-11 14:30:39','2019-02-21 09:32:23'),(65,'KRSHKBLZ1HTMOSCR',2,2,'Bluez 1 Hitam Oscar','unit',123,0,1150000,9,1,10,'2019-01-11 14:35:50','2019-02-09 09:11:56'),(66,'KRSHKKRA2ORNGEHTMKN',2,2,'Kiara 2 Orange Hitam Kain','unit',123,0,750000,6,1,10,'2019-01-11 14:40:29','2019-01-31 10:30:28'),(67,'krsblz1ckltoscr',2,5,'Bluez 1 Coklat Oscar','unit',123,0,1150000,4,1,NULL,'2019-01-11 14:47:10','2019-02-26 15:21:42'),(68,'Bluez 2 Coklat Oscar',2,5,'Bluez 2 Coklat Oscar','unit',123,0,1050000,3,1,NULL,'2019-01-11 14:49:31','2019-03-04 14:17:34'),(70,'IW 01',10,1,'IW O1','unit',123,0,5660000,2,1,10,'2019-01-11 14:55:36','2019-01-30 18:01:36'),(71,'IW02(1RUSAK)',10,1,'IW 02','unit',123,0,5340000,2,1,10,'2019-01-11 14:57:06','2019-01-29 13:54:11'),(72,'IW 03',10,1,'IW 03','unit',0,0,3970000,1,0,10,'2019-01-11 15:00:42','2019-01-11 15:00:42'),(73,'KRSINDODDY1LRGEHTMOSCR',2,3,'Odidy I Large TC Oscar Hitam','unit',123,0,3950000,1,10,10,'2019-01-11 15:09:30','2019-01-29 12:06:09'),(74,'KRSHKVTR1CRMOSCR',2,2,'Vetor I Creme Oscar','unit',123,0,2040000,1,1,10,'2019-01-11 15:15:14','2019-01-29 12:31:46'),(75,'DBC 889 T.2 R',13,3,'DBC 889 T','unit',0,0,5440000,1,0,10,'2019-01-11 15:22:06','2019-01-11 15:22:06'),(76,'KSKKDK200',1,6,'Duke 200','unit',0,0,78900000,1,1,35,'2019-01-11 16:23:14','2019-01-14 11:46:42'),(79,'KSKKIC200',1,6,'INTERNATIONAL CLASSIC 200','unit',0,0,65800000,1,1,35,'2019-01-11 16:30:33','2019-01-14 11:47:12'),(82,'HBSRDNVR180',8,7,'Denver 180','unit',123,0,7300000,2,1,NULL,'2019-01-12 12:54:53','2019-02-27 17:48:43'),(83,'KSFLSIENA100',1,8,'Siena 100','unit',0,0,4430000,1,1,45,'2019-01-12 13:04:00','2019-01-14 10:46:15'),(84,'HBFLLKBR120',8,8,'Luxury Kids Brown 120','unit',0,0,1075000,1,1,45,'2019-01-12 13:58:11','2019-01-14 10:34:46'),(85,'HBFLLBR180 (Display)',8,8,'Lazzaro Brown 180','unit',123,0,3500000,1,1,NULL,'2019-01-12 14:00:38','2019-02-12 09:23:05'),(86,'HBFLSDBL160',8,8,'Super Deluxe Black 160','unit',123,0,2300000,1,1,NULL,'2019-01-12 15:06:55','2019-02-27 17:50:18'),(87,'HBSRBG180',8,7,'Boston Grey 180','unit',123,0,10390000,3,1,10,'2019-01-12 15:10:37','2019-02-11 17:49:26'),(88,'HBSRBG200',8,7,'Boston Grey 200','unit',0,0,9900000,1,1,40,'2019-01-12 15:15:07','2019-01-14 11:59:22'),(89,'HBSRDNVR160',8,7,'Denver 160','unit',123,0,6600000,3,1,10,'2019-01-12 15:18:56','2019-01-30 10:24:38'),(93,'HBFLSDBL180',8,8,'Super Deluxe Black 180','unit',123,0,2400000,1,1,NULL,'2019-01-12 16:07:52','2019-02-12 09:35:53'),(94,'HBKKBALT200',8,6,'Baltimore 200','unit',123,0,12350000,1,1,NULL,'2019-01-12 16:09:34','2019-02-14 16:18:08'),(99,'DVFLLBL180 (Rusak 1 PGM)',7,8,'Lazzaro Black 180','unit',123,0,123,2,1,NULL,'2019-01-12 17:06:48','2019-03-04 16:42:55'),(102,'KSKKCE180',1,6,'Chiro Endorsed 180','unit',123,0,24400000,2,1,35,'2019-01-12 19:16:45','2019-02-04 15:25:37'),(103,'KSKKWE180 (Ci\' Lili 1)',1,6,'World Endorsed 180','unit',123,0,32700000,4,1,10,'2019-01-12 19:18:49','2019-02-12 14:21:16'),(104,'KSKKWE200',1,6,'World Endorsed 200','unit',123,0,36000000,0,1,10,'2019-01-12 19:19:53','2019-01-28 17:13:04'),(108,'DVKKBALT180 (ci lili )',7,6,'Baltimore 180','unit',123,0,123,6,1,NULL,'2019-01-14 09:28:14','2019-03-02 16:57:30'),(109,'DVKKDUKE200',7,6,'Duke 200','unit',123,0,123,1,1,0,'2019-01-14 09:29:45','2019-01-28 14:28:38'),(110,'DVKKDUKE180 (rusak PGM)',7,6,'Duke 180','unit',123,0,123,1,1,NULL,'2019-01-14 09:30:37','2019-03-04 16:44:43'),(111,'DVKKBR180',7,6,'Body Respon 180','unit',123,0,123,1,1,10,'2019-01-14 09:31:53','2019-02-11 17:29:06'),(112,'HBKKAE200',8,6,'Anna Embracce 200','unit',123,0,123,1,1,NULL,'2019-01-14 09:40:26','2019-02-13 09:27:49'),(113,'KKHBPA180',8,6,'Princess Anna 180','unit',0,0,0,1,1,35,'2019-01-14 09:42:34','2019-01-24 16:26:09'),(114,'HBKKPE180',8,6,'Princess Elisabeth 180','unit',0,0,0,1,1,35,'2019-01-14 09:59:17','2019-01-14 10:00:06'),(115,'HBKKOKLND180 (Display)',8,6,'Oakland 180','unit',123,0,123,1,1,NULL,'2019-01-14 10:01:11','2019-02-11 17:22:55'),(116,'HBKKBALT180 (Ci Lili)',8,6,'Baltimore 180','unit',123,0,123,2,1,NULL,'2019-01-14 10:01:58','2019-02-12 11:58:47'),(117,'HBKKBLOOM180',8,6,'BLOOMINGDALE 180','unit',123,0,123,1,1,10,'2019-01-14 10:02:53','2019-02-11 17:26:25'),(118,'HBKKBALT160 ( ci lili )',8,6,'Baltimore 160','unit',123,0,123,1,1,NULL,'2019-01-14 10:04:05','2019-03-02 16:58:04'),(119,'SRGJRBL120',9,7,'JR BLACK 120','unit',123,0,123,1,1,NULL,'2019-01-14 10:05:01','2019-02-14 17:02:28'),(120,'KSSRJR120',1,7,'JR 120','unit',123,0,123,1,1,10,'2019-01-14 10:06:56','2019-02-01 15:31:35'),(121,'DVSRDNVR180 (rusak 1PGM)',7,7,'Denver 180','unit',123,0,123,2,1,NULL,'2019-01-14 10:08:31','2019-03-04 16:45:46'),(122,'DVRMNGTN180 (Rusak PGM)',7,7,'REMINGTON 180','unit',123,0,123,1,1,NULL,'2019-01-14 10:09:31','2019-03-04 16:46:20'),(123,'DVCRNLL180',7,7,'Cornell 180','unit',0,0,0,1,1,40,'2019-01-14 10:10:22','2019-01-14 10:10:22'),(124,'DVSRBG200 (rusak PGM)',7,7,'Boston Grey 200','unit',123,0,123,1,1,NULL,'2019-01-14 10:12:50','2019-03-04 16:44:10'),(125,'DVSRBG180',7,7,'Boston Grey 180','unit',123,0,123,2,1,10,'2019-01-14 10:14:49','2019-02-11 17:52:15'),(126,'DVSRDNVR160',7,7,'Denver 160','unit',123,0,123,2,1,40,'2019-01-14 10:16:46','2019-01-28 15:57:18'),(127,'DVSRLNBRG180',7,7,'LINDBERG 180','unit',123,0,123,1,1,40,'2019-01-14 10:18:02','2019-01-28 15:55:35'),(128,'DVFLCNCRTO180 (Display)',7,8,'CONCERTO 180','unit',123,0,123,1,1,10,'2019-01-14 10:20:38','2019-02-12 09:20:31'),(129,'DVSRCG180 (rusak PGM)',7,7,'CALESTIAL GREY 180','unit',123,0,123,1,1,NULL,'2019-01-14 10:21:37','2019-03-04 16:47:36'),(130,'HBFLCNCRTO180 (Display)',8,8,'CONCERTO 180','unit',123,0,123,1,1,10,'2019-01-14 10:24:50','2019-02-12 09:19:48'),(131,'HBSRRMNGTN180',8,7,'REMINGTON 180','unit',0,0,0,1,1,40,'2019-01-14 10:25:45','2019-01-14 10:25:45'),(132,'HBSRBG160',8,7,'BOSTON GREY 160','unit',123,0,123,1,1,0,'2019-01-14 10:26:33','2019-01-28 15:59:22'),(133,'HBSRCRNLL200',8,7,'CORNELL 200','unit',0,0,0,1,1,40,'2019-01-14 10:27:14','2019-01-14 10:27:14'),(134,'HBSRARTMS180 (Display)',8,7,'ARTEMIS 180','unit',123,0,123,1,1,NULL,'2019-01-14 10:28:16','2019-02-11 17:54:32'),(135,'HBSRJRBL120',8,7,'JR BLACK 120','unit',0,0,0,2,1,40,'2019-01-14 10:29:11','2019-01-19 13:51:01'),(136,'DVFLPBR180',7,8,'PALERMO BROWN 180','unit',123,0,123,2,1,0,'2019-01-14 10:47:44','2019-01-28 15:13:03'),(137,'DVFLPBR160 (rusak PGM)',7,8,'PALERMO BROWN 160','unit',123,0,123,1,1,NULL,'2019-01-14 10:49:03','2019-03-04 16:43:38'),(138,'DVFLLBR180',7,8,'Lazzaro Brown 180','unit',123,0,123,1,1,10,'2019-01-14 10:50:31','2019-02-12 09:24:37'),(139,'DVPBL180 (1IbuVita)',7,8,'PALERMO BLACK 180','unit',123,0,123,1,1,NULL,'2019-01-14 10:54:49','2019-02-12 09:38:25'),(141,'DVFLPBL160',7,8,'PALERMO BLACK 160','unit',123,0,123,1,1,10,'2019-01-14 10:57:53','2019-02-08 17:18:59'),(144,'KSFLLKBR120',1,8,'Luxury Kids Brown 120','unit',0,0,0,1,1,45,'2019-01-14 11:01:03','2019-01-14 14:12:22'),(145,'KSFLLKBL120',1,8,'LUXURY KIDS BLACK 120','unit',0,0,0,2,1,0,'2019-01-14 11:02:00','2019-01-22 11:59:27'),(146,'DVFLKP120',7,8,'KIDDOS PANDA 120','unit',0,0,0,2,1,45,'2019-01-14 11:02:56','2019-01-14 11:02:56'),(147,'SRGFLKP120',9,8,'KIDDOS PANDA 120','unit',0,0,0,2,1,45,'2019-01-14 11:03:44','2019-01-14 11:03:44'),(148,'KSFLULTMTE180',1,8,'ULTIMATE 180','unit',123,0,123,0,1,NULL,'2019-01-14 11:05:02','2019-03-02 09:09:01'),(150,'DVFLMAIZZO180 (Rusak 1 PGM)',7,8,'Maizzo 180','unit',123,0,123,2,1,NULL,'2019-01-14 11:17:58','2019-03-04 16:45:16'),(151,'HBFLLBL180',8,8,'Lazzaro Black 180','unit',123,0,123,2,1,10,'2019-01-14 11:19:43','2019-01-30 10:10:31'),(153,'HBFLSDBR160',8,8,'SUPER DELUXE BROWN 160','unit',0,0,0,1,1,45,'2019-01-14 11:28:22','2019-01-14 11:28:22'),(154,'HBFLDLXBL160',8,8,'DELUXE BLACK 160','unit',0,0,0,1,1,45,'2019-01-14 11:29:23','2019-01-14 12:10:42'),(155,'HBFLDLX180',8,8,'DELUXE BLACK 180','unit',0,0,0,2,1,1,'2019-01-14 11:30:12','2019-01-16 15:27:08'),(156,'HBFLLKBL120',8,8,'LUXURY KIDS BLACK 120','unit',0,0,0,2,1,45,'2019-01-14 11:31:25','2019-01-14 11:31:25'),(157,'HBFLKP120',8,8,'KIDDOS PANDA 120','unit',0,0,0,2,1,45,'2019-01-14 11:32:22','2019-01-14 11:32:22'),(158,'HBFLMAIZZO180',8,8,'Maizzo 180','unit',0,0,0,2,1,45,'2019-01-14 11:33:31','2019-01-14 12:12:06'),(161,'KSFLPCNZA160',1,8,'PIACENZA 160','unit',123,0,123,1,1,NULL,'2019-01-14 11:42:03','2019-02-22 10:01:32'),(162,'DVSRSG180',7,7,'SEUS GREY 180','unit',0,0,0,1,1,40,'2019-01-14 11:45:01','2019-01-14 11:45:01'),(163,'DVFLCNCRTO160',7,8,'CONCERTO 160','unit',0,0,0,1,1,45,'2019-01-14 12:38:28','2019-01-14 14:09:57'),(164,'DVSRJRMC120',7,7,'JR MOCCA 120','unit',0,0,0,1,1,40,'2019-01-14 12:41:54','2019-01-14 12:41:54'),(165,'DVSRJRBL120',7,7,'JR BLACK 120','unit',0,0,0,1,1,40,'2019-01-14 12:42:41','2019-01-14 14:18:12'),(166,'HBZEEZ180',8,12,'ZEEZ 180','unit',0,0,0,1,1,0,'2019-01-14 12:45:53','2019-01-14 12:45:53'),(167,'HBVALERIE180',8,13,'VALERIE 180','unit',0,0,0,1,1,0,'2019-01-14 12:47:16','2019-01-14 12:47:16'),(168,'HBVICTORIA180',8,14,'VICTORIA 180','unit',0,0,0,1,1,0,'2019-01-14 12:48:22','2019-01-14 12:48:22'),(169,'KSPNTRPTH180',1,10,'PANTERA PUTIH 180','unit',0,0,0,1,1,0,'2019-01-14 12:49:37','2019-01-14 12:49:37'),(170,'KSPNTHRCRK',1,10,'PANTHERA CORAK 180','unit',0,0,0,1,1,0,'2019-01-14 12:50:24','2019-01-14 12:50:24'),(171,'KSPNTHRBIRU160',1,10,'PANTHERA BIRU 160','unit',0,0,0,1,1,0,'2019-01-14 14:41:53','2019-01-14 14:41:53'),(172,'LMRICX712',13,1,'ICX 712','unit',0,0,0,1,1,10,'2019-01-14 16:34:24','2019-01-14 16:34:24'),(173,'KRSICGRCIISHDT',2,1,'GRACE II S HDT Coklat Oscar','unit',123,0,123,8,1,10,'2019-01-14 16:38:17','2019-01-28 16:36:14'),(179,'KRSIC6090UACCKLTOSCR',2,1,'IC 6090 UAC COKLAT OSCAR','unit',123,0,123,3,1,10,'2019-01-14 16:41:13','2019-01-28 16:25:59'),(180,'KRSHKOXY2CKLTKN',2,2,'OXY 2 COKLAT KAIN','unit',123,0,123,6,1,NULL,'2019-01-14 17:00:01','2019-02-21 09:32:44'),(190,'KRICVRNOIHDTHTMOSCR',2,1,'VERINO I HDT HITAM OSCAR','unit',123,0,123,1,1,10,'2019-01-14 17:12:27','2019-01-28 16:45:27'),(191,'KRSICKNZOIHDTOSCRHTM',2,1,'KENZO I HDT OSCAR HITAM (BPN)','unit',123,0,123,2,1,10,'2019-01-14 17:13:46','2019-01-28 16:46:12'),(192,'KRHKELOTUSINKAIN',2,2,'ELOTUS I N HK BIRU HITAM KAIN','unit',0,0,0,1,1,10,'2019-01-14 17:16:18','2019-01-14 17:16:18'),(195,'KRSINDLXYIVNWCROSCRHTM',2,3,'LUXY IV NEW CR OSCAR HITAM','unit',123,0,123,2,1,NULL,'2019-01-14 17:26:28','2019-02-14 16:12:00'),(196,'KRSINDOBMAIIHDTOSCRHTM',2,3,'OBAMA II  AL NEWHDT OSCAR HITAM','unit',123,0,123,1,1,10,'2019-01-14 17:27:52','2019-01-29 12:12:59'),(200,'KRSINDD920KAINCKLT',2,3,'D920 KAIN COKLAT','unit',0,0,0,1,1,10,'2019-01-14 17:32:51','2019-01-14 17:32:51'),(201,'KRINDD2700KAINBRU',2,3,'D2700 KAIN BIRU','unit',123,0,123,2,1,10,'2019-01-14 17:35:05','2019-01-31 14:42:45'),(202,'KRSINDD770OSCRHTM',2,3,'D770 HITAM OSCAR','unit',123,0,123,6,1,10,'2019-01-14 17:36:59','2019-01-29 10:42:47'),(203,'KRSINDLXYIVNWCROSCRCKLT',2,3,'LUXY IV NEW CR OSCAR COKLAT','unit',0,0,0,1,1,10,'2019-01-14 17:42:26','2019-01-14 17:42:26'),(204,'KRSICZLR3COTKAINcoklat',2,1,'ZALORA 3 COT kain','unit',123,0,123,2,1,NULL,'2019-01-14 17:47:32','2019-02-14 14:51:41'),(205,'KRSIC235COSCRCKLT',2,1,'IC 235 C OSCAR COKLAT','unit',123,0,123,2,1,10,'2019-01-14 17:50:25','2019-01-28 16:47:33'),(207,'KRSICHRZNIOSCRMRH',2,1,'HORIZON I OSCAR MERAH','unit',123,0,123,6,1,10,'2019-01-14 17:53:44','2019-01-28 16:48:11'),(208,'KRSICICS09OSCRHTM',2,1,'ICS 09 OSCAR HITAM','unit',123,0,123,1,1,10,'2019-01-14 17:55:35','2019-01-28 16:48:46'),(209,'KRSICICSO11CKAINBIRU',2,1,'ICS O11 C KAIN BIRU','unit',123,0,123,6,1,10,'2019-01-14 17:58:40','2019-01-31 10:32:08'),(211,'KRSINDYRSHOSCRBRU',2,3,'YRISH OSCAR BIRU','unit',123,0,123,1,1,10,'2019-01-14 18:02:40','2019-01-29 12:19:48'),(212,'KRSINDFOBYIKAINHIJAU',2,3,'FOBY I KAIN HIJAU','unit',0,0,0,1,1,10,'2019-01-14 18:06:13','2019-01-14 18:06:13'),(213,'KRSINDST04OSCRMRH',2,3,'ST 04 OSCAR MERAH','unit',0,0,0,1,1,10,'2019-01-14 18:07:25','2019-01-14 18:07:25'),(215,'KRSICICS43COKLATKAYU',2,1,'ICS 43 COKLAT KAYU','unit',0,0,0,1,1,10,'2019-01-14 18:15:33','2019-01-14 18:15:33'),(216,'MJICICS42PTH',10,1,'ICS 42 PUTIH','unit',123,0,123,1,1,10,'2019-01-14 18:17:26','2019-01-28 16:50:23'),(217,'KRSINDDCR01BIRUPLSTK',2,3,'DCR 01 BIRU PLASTIK','unit',0,0,0,1,1,10,'2019-01-14 18:22:53','2019-01-14 18:22:53'),(218,'KRSICICS35BIRUPLSTK',2,1,'ICS 35 BIRU PLASTIK','unit',0,0,0,2,1,10,'2019-01-14 18:24:51','2019-01-21 17:10:58'),(219,'KRSAC513OSCRCKLT',2,4,'AC 513 OSCAR COKLAT','unit',0,0,0,7,1,10,'2019-01-14 18:26:08','2019-01-14 18:26:08'),(220,'DVSRBC200',7,7,'Boston Cream 200','unit',123,0,123,1,1,0,'2019-01-15 12:42:35','2019-01-28 16:01:15'),(221,'HBFLSDBR180',8,8,'Super Deluxe Brown 180','unit',123,0,123,1,1,NULL,'2019-01-15 13:03:58','2019-02-22 10:00:55'),(222,'KSFLGNOA180',1,8,'GENOA 180','unit',123,0,123,2,1,NULL,'2019-01-15 13:05:25','2019-02-13 17:25:53'),(223,'KSFLSNA180',1,8,'SIENA 180','unit',123,0,123,1,1,NULL,'2019-01-15 13:08:24','2019-02-22 10:01:50'),(224,'KSFLCC180',1,8,'Chiro Care 180','unit',123,0,123,2,1,45,'2019-01-15 13:10:14','2019-02-04 10:26:42'),(225,'DVKKBALT200',7,6,'Baltimore 200','unit',123,0,123,1,1,NULL,'2019-01-15 13:11:42','2019-02-13 09:28:17'),(226,'KSFLGNOA120',1,8,'GENOA 120','unit',0,0,0,0,1,0,'2019-01-15 13:14:24','2019-01-18 09:17:17'),(227,'BOLSTFLO',3,8,'BOLSTER FLORENCE','unit',123,0,123,32,1,NULL,'2019-01-15 13:18:43','2019-03-02 17:49:33'),(228,'PLLWFL',4,8,'PILLOW FLORENCE','unit',123,0,123,5,1,NULL,'2019-01-15 13:19:38','2019-03-02 17:49:20'),(229,'MPFL180',18,8,'MP 180','unit',123,0,123,12,1,10,'2019-01-15 13:21:42','2019-01-30 11:37:36'),(230,'KSLPT',19,8,'KASUR LIPAT','unit',600000,0,600000,12,1,NULL,'2019-01-15 13:23:43','2019-03-04 14:35:45'),(232,'MPKK200',18,6,'MP 200','unit',123,0,123,4,1,10,'2019-01-15 13:26:31','2019-02-09 13:27:13'),(233,'BOLSTKK',3,6,'BOLSTER KING KOIL','unit',123,0,123,65,1,10,'2019-01-15 13:29:55','2019-02-09 13:26:39'),(234,'PLLWKK',4,6,'PILLOW KINGKOIL','unit',123,0,123,50,1,10,'2019-01-15 13:31:43','2019-02-09 13:26:23'),(236,'KSZZ180',1,12,'ZEEZ 180','unit',0,0,0,1,1,0,'2019-01-16 13:40:01','2019-01-16 13:40:01'),(237,'LCICZ702-1(RUSAK)',15,1,'ICZ 702-1','unit',123,0,123,1,1,10,'2019-01-16 14:35:29','2019-01-29 16:40:54'),(238,'HBSRZG180',8,7,'ZEUS GREY 180','unit',0,0,0,1,1,40,'2019-01-16 15:00:27','2019-01-16 15:00:27'),(239,'HBSRJRMC120',8,7,'JR MOCCA 120','unit',0,0,0,1,1,40,'2019-01-16 15:07:58','2019-01-16 15:09:26'),(240,'krsicgrms1wdhdt',2,1,'GRAMOS 1 WD HDT HITAM','unit',123,0,123,1,1,10,'2019-01-17 13:23:43','2019-01-28 16:06:30'),(241,'MRIC918CHRRY',11,1,'IC 918 CHERRY','set',123,0,123,1,1,10,'2019-01-17 16:17:58','2019-01-29 14:14:56'),(242,'KRIC9000SMESH046',2,1,'IC 9000 S MESH 046','unit',0,0,0,6,1,0,'2019-01-17 16:57:28','2019-01-21 17:31:46'),(243,'BOLSTSR',3,7,'BOLSTER SERTA','unit',123,0,123,18,1,NULL,'2019-01-17 17:35:41','2019-03-04 14:34:39'),(244,'PLLWSR',4,7,'PILLOW SERTA','unit',123,0,123,42,1,NULL,'2019-01-17 17:36:24','2019-03-04 14:34:23'),(245,'MPFL160',18,8,'MP 160','unit',0,0,0,1,1,0,'2019-01-17 17:38:43','2019-01-18 14:19:52'),(246,'MPSR180',18,7,'MP 180','unit',123,0,123,4,1,NULL,'2019-01-17 17:39:57','2019-03-04 14:35:17'),(247,'MPSR160',18,7,'MP 160','unit',123,0,123,2,1,10,'2019-01-17 17:41:04','2019-03-02 15:29:09'),(248,'MPSR120',18,7,'MP 120','unit',123,0,123,7,1,NULL,'2019-01-17 17:43:07','2019-03-04 14:34:57'),(249,'MPSR200',18,7,'MP 200','unit',123,0,123,2,1,NULL,'2019-01-17 17:44:48','2019-02-16 09:13:56'),(250,'PLLWKKNFF',4,6,'NANO FIBER FIRM','unit',123,0,123,13,1,NULL,'2019-01-17 17:54:05','2019-03-04 14:12:50'),(251,'MPFLREG120',18,8,'MP REG 120','unit',0,0,0,1,1,0,'2019-01-17 17:56:22','2019-01-17 17:56:22'),(252,'MPFLREG200',18,8,'MP REG 200','unit',0,0,0,2,1,0,'2019-01-17 17:57:10','2019-01-17 18:00:37'),(253,'MPFLREG160',18,8,'MP REG 160','unit',0,0,0,1,1,0,'2019-01-17 17:57:56','2019-01-17 17:57:56'),(254,'PLLWSRNG',4,7,'NANO GEL','unit',123,0,123,6,1,0,'2019-01-17 17:58:55','2019-01-23 12:22:03'),(255,'BOLSTKKNF',3,6,'NANO FIBER','unit',123,0,123,11,1,NULL,'2019-01-17 18:00:03','2019-03-04 14:13:09'),(256,'MPFLREG180',18,8,'MP REG 180','unit',123,0,123,3,1,0,'2019-01-17 18:01:54','2019-01-23 12:32:00'),(257,'DVKKBALT160 ( ci lili )',7,6,'Baltimore 160','unit',123,0,123,1,1,NULL,'2019-01-18 09:28:09','2019-03-02 16:58:47'),(259,'KSSRESTATE200',1,7,'Estate 200','unit',0,0,0,1,1,40,'2019-01-18 09:41:28','2019-01-18 09:41:28'),(260,'KSKKGC160',1,6,'Grand Classic 160','unit',123,0,123,1,1,0,'2019-01-18 09:46:39','2019-01-28 14:25:36'),(261,'HBFLSMLKDS120',8,8,'SMILE KIDS 120','unit',123,0,123,1,1,0,'2019-01-18 09:48:28','2019-01-24 10:47:39'),(262,'KSFLRGGNA180',1,8,'REGGINA 180','unit',123,0,123,1,1,45,'2019-01-18 09:51:29','2019-01-30 15:34:54'),(263,'ksflsmlekds120',1,8,'SMILE KIDS 120','unit',123,0,123,1,1,45,'2019-01-18 10:06:23','2019-01-24 10:46:34'),(264,'SRGFLLKBL120',9,8,'LUXURY KIDS BLACK 120','unit',0,0,0,0,1,45,'2019-01-18 10:07:40','2019-01-18 10:09:50'),(265,'srgflsmlekds120',9,8,'SMILE KIDS 120','unit',123,0,123,1,1,0,'2019-01-18 10:08:28','2019-01-24 10:48:04'),(266,'DVFLTRSMLKDS120',7,8,'TRIO SMILE KIDS 120','unit',123,0,123,1,1,0,'2019-01-18 10:09:24','2019-01-24 10:47:10'),(267,'KRSINDDCL01KOSCRHTM',2,3,'DCL 01 K OSCAR HITAM','unit',123,0,123,12,1,10,'2019-01-18 12:13:44','2019-01-31 14:41:09'),(268,'MPKK180',18,6,'MP 180','unit',123,0,123,2,1,NULL,'2019-01-18 14:35:52','2019-02-14 16:20:45'),(270,'DVFLLZZROBLCK120',7,8,'LAZZARO BLACK 120','unit',0,0,0,0,1,45,'2019-01-19 13:48:50','2019-01-19 13:49:22'),(271,'KRSIC9000SMESH36',2,1,'IC 9000 S MESH 36','unit',0,0,0,2,1,10,'2019-01-21 17:33:04','2019-01-21 17:33:04'),(272,'KRSIC7HB048',2,1,'IC 7 HB 048','unit',123,0,123,12,1,0,'2019-01-21 17:36:23','2019-01-21 17:36:23'),(273,'pllwsrbllfbr',4,7,'Ball Fiber','unit',123,0,123,7,1,0,'2019-01-23 12:23:26','2019-01-23 12:24:03'),(274,'MPKKPLYSTRFBR180',18,6,'POLYSTER FIBER 180','unit',123,0,123,1,1,0,'2019-01-23 12:26:34','2019-01-23 12:26:34'),(275,'MPFLO120',18,8,'MP 120','unit',123,0,123,1,1,0,'2019-01-23 12:28:11','2019-01-23 12:28:11'),(276,'KSFLGNOA160',1,8,'GENOA 160','unit',123,0,123,0,1,45,'2019-01-24 16:33:33','2019-02-11 10:59:27'),(277,'KSKKCE160 (Ci\' Lili punya)',1,6,'Chiro Endorsed 160','unit',123,0,123,1,1,NULL,'2019-01-28 14:26:44','2019-02-12 11:36:55'),(278,'HBFLLBL160 (Display)',8,8,'Lazzaro Black 160','unit',123,0,123,1,1,NULL,'2019-01-28 15:08:33','2019-02-12 09:30:27'),(280,'DVFLLBL160 (Display)',7,8,'Lazzaro Black 160','unit',123,0,123,1,1,NULL,'2019-01-28 15:46:16','2019-02-12 09:31:11'),(281,'KSSRXTRM160',1,7,'XTREME 160','unit',123,0,123,1,1,40,'2019-01-28 15:48:03','2019-01-28 15:48:03'),(282,'KRICICM10085',2,1,'ICM 10 085','unit',123,0,123,2,1,NULL,'2019-01-28 16:07:43','2019-01-28 16:14:52'),(284,'KRICICM10078',2,1,'ICM 10 078','unit',123,0,123,2,1,10,'2019-01-28 16:14:18','2019-01-28 16:14:18'),(285,'KRIC609EUAC078',2,1,'IC 609 EUAC 078','unit',123,0,123,4,1,10,'2019-01-28 16:27:52','2019-01-29 17:14:06'),(286,'KRIC210COKLATKAIN',2,1,'IC 210 COKLAT KAIN','unit',123,0,123,4,1,10,'2019-01-28 16:42:57','2019-01-28 16:42:57'),(287,'KRIC210',2,1,'IC 210 059B','unit',123,0,123,4,1,10,'2019-01-28 16:44:32','2019-01-28 16:44:32'),(288,'KRICS08BRUOSCR',2,1,'ICS 08 BIRU OSCAR','unit',123,0,123,20,1,10,'2019-01-28 16:52:50','2019-01-28 16:52:50'),(289,'KRSIIC732VCRBIRUOSCR',2,1,'IC732 VCR BIRU OSCAR','unit',123,0,123,2,1,10,'2019-01-28 16:54:16','2019-01-28 16:54:16'),(290,'KRSVRBLZ1HTMOSCR',2,5,'Bluez 1 Hitam Oscar','unit',123,0,123,9,1,NULL,'2019-01-28 17:22:35','2019-02-26 11:46:58'),(291,'KRSDCS36BRU',2,3,'DCS 36 BIRU','unit',123,0,123,3,1,10,'2019-01-29 09:05:58','2019-01-29 09:05:58'),(292,'KRSDCS36ABU\"',2,3,'DCS 36 ABU\"','unit',123,0,123,5,1,10,'2019-01-29 09:09:11','2019-01-29 09:09:11'),(297,'VERSUS3NTCBRUHTAMKAIN',2,3,'VERSUS 3 NTC BIRU HITAM KAIN','unit',123,0,123,1,1,10,'2019-01-29 09:24:17','2019-01-29 09:24:17'),(302,'D641ALCKLTOSCAR',2,3,'D641 AL COKLAT OSCAR','unit',123,0,123,1,1,10,'2019-01-29 09:38:36','2019-01-29 09:38:36'),(304,'D3400NEWVCRHTMOSCR',2,3,'D3400 NEW VCR OSCAR HITAM','unit',123,0,123,2,1,10,'2019-01-29 09:42:02','2019-01-29 09:42:02'),(305,'VERSOIIIVCRKAINABU\"',2,3,'VERSO 3 VCR KAIN ABU\"','unit',123,0,123,2,1,10,'2019-01-29 09:43:40','2019-01-29 09:43:40'),(308,'D3004UACRCKLTHTMKAIN',2,3,'D3004 UACR COKLAT HITAM KAIN','unit',123,0,123,2,1,10,'2019-01-29 09:48:45','2019-01-29 09:48:45'),(314,'KRSICAVISSHRBRUOSCR',2,3,'CAVISS HR BIRU OSCAR','unit',123,0,123,1,1,10,'2019-01-29 10:01:13','2019-01-29 10:49:55'),(315,'KRSIDCP01BRUPLSTK',2,3,'DCP 01 BIRU PLASTIK','unit',123,0,123,1,1,10,'2019-01-29 10:02:36','2019-01-29 10:50:19'),(316,'KRSIDCB03ABU',2,3,'DCB 03 ABU','unit',123,0,123,1,1,10,'2019-01-29 10:03:33','2019-01-29 10:50:44'),(317,'KRSBLUEZ3HKHTMOSCR',2,2,'BLUEZ 3 HITAM OSCAR','unit',123,0,123,22,1,0,'2019-01-29 10:55:59','2019-01-30 16:56:27'),(318,'KRSLOUVIEGRYBRUKAIN',2,2,'LOUVIE GREY BIRU KAIN','unit',123,0,123,6,1,NULL,'2019-01-29 10:57:41','2019-02-14 16:12:40'),(319,'KRSONZABLCKBRUKAIN',2,2,'ONZA BLACK BIRU KAIN','unit',123,0,123,8,1,10,'2019-01-29 10:59:14','2019-01-29 10:59:14'),(320,'KRSDORISCKLTOSCR',2,2,'DORIS COKLAT OSCAR','unit',123,0,123,2,1,10,'2019-01-29 11:00:55','2019-01-31 14:41:47'),(321,'KRSBLU1EZCKLTMDAOSCR',2,2,'BLUEZ 1 COKLAT MUDA OSCAR','unit',123,0,123,1,1,10,'2019-01-29 11:03:00','2019-01-29 11:03:00'),(322,'KRSTARA1CKLTOSCR',2,2,'TARA 1 COKLAT OSCAR','unit',123,0,123,1,1,10,'2019-01-29 11:05:14','2019-01-29 11:05:14'),(323,'KRSINO1HTMOSCR',2,2,'INO 1 HITAM OSCAR','unit',123,0,123,1,1,10,'2019-01-29 11:07:31','2019-01-29 11:07:31'),(324,'KRSTEXTONE1HTMOSCRscrm',2,5,'TEXTONE 1 HITAM OSCAR CROME','unit',123,0,123,0,1,10,'2019-01-29 11:08:52','2019-02-02 09:33:44'),(325,'KRSCLOVER4HTMKAIN',2,2,'CLOVER 4 HTM KN','unit',123,0,123,3,1,NULL,'2019-01-29 11:15:18','2019-02-26 15:20:37'),(326,'KRSOXY1CKLTKAIN',2,2,'OXY 1 COKLAT KAIN','unit',123,0,123,1,1,NULL,'2019-01-29 11:17:22','2019-03-04 14:18:00'),(327,'KRSCLOVER3HTM',2,2,'CLOVER 3 HITAM','unit',123,0,123,10,1,10,'2019-01-29 11:18:43','2019-01-29 11:18:43'),(328,'KRSBLUEZ3HTMOSCR',2,5,'BLUEZ 3 HITAM OSCAR','unit',123,0,123,12,1,10,'2019-01-29 11:31:05','2019-01-29 11:31:05'),(329,'KRSCLOVER4028',2,5,'CLOVER 4 028','unit',123,0,123,1,1,10,'2019-01-29 11:35:40','2019-01-29 11:35:40'),(330,'KRSCLOVER4046',2,5,'CLOVER 4 046','unit',123,0,123,1,1,10,'2019-01-29 11:36:30','2019-01-29 11:36:30'),(331,'KRSICZLR3COTKAINSILVER',2,1,'ZALORA 3 COT KAIN SILVER','unit',123,0,123,0,1,NULL,'2019-01-29 13:01:30','2019-02-22 10:54:22'),(332,'KRSIC238077',2,1,'IC 238 077','unit',123,0,123,6,1,10,'2019-01-29 13:08:49','2019-01-29 13:08:49'),(333,'LMRLNL33AK',13,11,'L33 AK','unit',123,0,123,3,1,0,'2019-01-29 13:57:38','2019-01-29 14:05:06'),(334,'LMRLNL554',13,11,'L554','unit',123,0,123,1,1,10,'2019-01-29 14:02:18','2019-01-29 14:02:18'),(335,'LMRLNL553',13,11,'L553','unit',123,0,123,1,1,10,'2019-01-29 14:03:14','2019-01-29 14:03:14'),(336,'LMRLNL33A display',13,11,'L33A','unit',123,0,123,1,1,0,'2019-01-29 14:04:15','2019-01-29 14:04:15'),(337,'MJINDDE2 (RSK)',10,3,'DE 2','unit',123,0,123,1,1,10,'2019-01-29 14:06:55','2019-01-29 14:06:55'),(338,'MJINDDYREX',10,3,'DYREX','set',123,0,123,1,1,10,'2019-01-29 14:08:05','2019-01-29 14:13:07'),(339,'MJICX902A+LACIICX703MPLE',10,1,'ICX 902 A','set',123,0,123,18,1,NULL,'2019-01-29 14:12:33','2019-03-02 16:14:55'),(340,'mejaunodanlaci display',10,15,'meja UNO dan laci','set',123,0,123,1,1,0,'2019-01-29 14:18:17','2019-01-29 14:18:17'),(341,'MEJAICT902MAPPLE',10,1,'ICT 902 MAPPLE','unit',123,0,123,6,1,NULL,'2019-01-29 16:15:04','2019-03-04 09:17:05'),(342,'MJICX902BEECH',10,1,'ICX 902 BEECH','unit',123,0,123,1,1,10,'2019-01-29 16:17:15','2019-01-29 16:17:15'),(343,'MJICT907BEECH',10,1,'ICT 907 BEECH','unit',123,0,123,1,1,10,'2019-01-29 16:19:41','2019-01-29 16:19:41'),(344,'LCICT702-1MPPL',15,1,'ICT 702-1 MAPPLE','unit',123,0,123,5,1,NULL,'2019-01-29 16:29:13','2019-03-02 16:44:06'),(345,'LCIC702-1CCHRRY(RUSAK)',15,1,'IC 702-1  C Cherry','unit',123,0,123,1,1,10,'2019-01-29 17:22:10','2019-01-29 17:22:10'),(346,'IC702-2CHRRY',10,1,'IC 702-2 CHERRY','unit',123,0,123,10,1,10,'2019-01-29 17:26:15','2019-01-29 17:26:15'),(347,'MPKK160',18,6,'MATRESS PROTECTOR','unit',123,0,123,1,1,10,'2019-01-30 11:28:18','2019-01-30 11:28:18'),(348,'PLLWZEES',4,12,'PILLOW ZEES','unit',123,0,123,2,1,10,'2019-01-30 11:40:51','2019-01-30 11:40:51'),(349,'BOLSTZEES',3,12,'BOLSTER ZESS','unit',123,0,123,2,1,10,'2019-01-30 11:42:16','2019-01-30 11:42:16'),(350,'KAKIRDZEES',22,12,'KAKI RODA ZEES','unit',123,0,123,3,1,10,'2019-01-30 14:51:08','2019-01-30 14:51:08'),(355,'KAKIKK',22,6,'KAKI KING KOIL','unit',123,0,123,6,1,10,'2019-01-30 14:56:49','2019-01-30 14:56:49'),(356,'ZEESKAKIKY',22,12,'ZEES KAKI KAYU','unit',123,0,123,12,1,10,'2019-01-30 15:02:30','2019-01-30 15:02:30'),(357,'SRKAKIKY',22,7,'SERTA KAKI KAYU','unit',123,0,123,11,1,10,'2019-01-30 15:03:36','2019-01-30 15:03:36'),(358,'PNTHRAKAKIKY',22,10,'PANTHERA KAKI KAYU','unit',123,0,123,12,1,10,'2019-01-30 15:05:27','2019-01-30 15:05:27'),(359,'KAKIBSKK',22,6,'KAKI BESI KING KOIL','unit',123,0,123,3,1,10,'2019-01-30 15:06:30','2019-01-30 15:06:30'),(360,'KAKIPLSTKFL',22,8,'KAKI PLASTIK FLORENCE','unit',123,0,123,8,1,NULL,'2019-01-30 15:08:54','2019-02-08 17:20:06'),(361,'KAKIPLSTKFL(RUSAK)',22,8,'KAKI PLASTIK FLORENCE','unit',123,0,123,2,1,10,'2019-01-30 15:09:54','2019-01-30 15:09:54'),(362,'KAKIKKDOS',22,6,'KAKI KING KOIL DOS','unit',123,0,123,10,1,10,'2019-01-30 15:21:13','2019-02-09 13:27:31'),(363,'KAKIFLDOS',22,8,'KAKI FLORENCE DOS','unit',123,0,123,2,1,10,'2019-01-30 15:21:55','2019-02-09 13:23:56'),(364,'KAKISRDOS',22,7,'KAKI SERTA DOS','unit',123,0,123,12,1,NULL,'2019-01-30 15:22:31','2019-02-27 17:50:36'),(365,'KAKISRDOS(RUSAK)',22,7,'KAKI SERTA DOS','unit',123,0,123,1,1,10,'2019-01-30 15:23:25','2019-01-30 15:23:25'),(366,'KAKIFLPLSTKBNING',22,8,'KAKI FL PLASTIK BENING','unit',123,0,123,6,1,10,'2019-01-30 15:24:53','2019-01-30 15:24:53'),(367,'KAKIFLRDPLASTIK',22,8,'KAKI FL RODA PLASTIK','unit',123,0,123,6,1,10,'2019-01-30 15:26:42','2019-01-30 15:26:42'),(368,'KRSIINDLXYIVNWCRABU\'HTM',2,3,'LUXY 4 NEW CR ABU\' HITAM','unit',123,0,123,2,1,10,'2019-01-30 16:52:44','2019-01-30 16:52:44'),(369,'KRSIAC511KUNINGOSCAR',2,4,'AC 511','unit',123,0,123,0,1,NULL,'2019-01-30 17:16:41','2019-03-02 09:49:34'),(370,'LemariUNO DISPLAY',13,15,'Lemari Uno','unit',123,0,123,123,1,0,'2019-01-30 17:23:26','2019-01-30 17:23:26'),(371,'lacisoronguno',15,15,'laci uno','unit',123,0,123,3,1,0,'2019-01-30 17:24:21','2019-01-30 17:24:21'),(372,'mjatiangjoinbulatblack',10,1,'tiangjoinbulat','unit',123,0,123,1,1,10,'2019-01-30 17:26:44','2019-01-30 17:26:44'),(373,'KKIPLTOICT902',23,1,'ICT 902','unit',123,0,123,2,1,10,'2019-01-30 17:34:20','2019-01-30 17:34:20'),(374,'KRSIHKBLZ3HTMOSCR(RUSAK/BASAH)',2,2,'HOKITA','unit',123,0,123,4,1,10,'2019-01-30 17:39:02','2019-01-30 17:39:02'),(375,'KRSIHKOXY1HTMOSCR(RUSAK/BASAH)',2,2,'OXY 1 Hitam Oscar','unit',123,0,123,2,1,10,'2019-01-30 17:40:32','2019-01-30 17:40:32'),(376,'KRSHKCLVR4HTMKN(RUSAK/BASAH)',2,2,'CLOVER 4 HITAM KAIN','unit',123,0,123,1,1,10,'2019-01-30 17:41:48','2019-01-30 17:41:48'),(377,'LACIIC 702-1 CHERRY (RUSAK)',15,1,'IC 702-2 C Cherry','unit',123,0,123,1,1,10,'2019-01-30 18:03:23','2019-01-30 18:03:23'),(378,'KRSICLUDOVCOKLAT',2,1,'LUDOV','unit',123,0,123,1,1,10,'2019-01-30 18:05:39','2019-02-01 15:33:54'),(379,'KSKDSDUOLLPOP',1,6,'KS KIDS DUO LOLIPOP','unit',123,0,123,0,1,10,'2019-01-31 09:30:51','2019-01-31 16:22:55'),(381,'VYRSFCKLT',2,3,'VOYER SOFA COKLAT','unit',123,0,123,1,1,10,'2019-01-31 10:27:41','2019-01-31 10:27:41'),(382,'IC9000C',2,1,'IC 900 C','unit',123,0,123,2,1,10,'2019-01-31 10:38:26','2019-01-31 10:38:26'),(383,'AltIITC',2,3,'Alto II TC','unit',123,0,123,1,1,10,'2019-01-31 10:48:05','2019-01-31 10:48:05'),(384,'VKTRI',2,2,'VEKTOR I','unit',123,0,123,1,1,10,'2019-01-31 10:49:52','2019-01-31 10:49:52'),(385,'CYBRICROME',2,3,'CYBER I CROME','unit',123,0,123,1,1,10,'2019-01-31 10:51:48','2019-01-31 10:51:48'),(386,'D250K',2,3,'D 250 K','unit',123,0,123,1,1,10,'2019-01-31 10:53:28','2019-01-31 10:53:28'),(387,'ONZABLCK',2,2,'ONZA BLACK MERAH KAIN','unit',123,0,123,1,1,10,'2019-01-31 10:55:46','2019-01-31 10:55:46'),(388,'AC-210',2,4,'AC - 210','unit',123,0,123,5,1,10,'2019-01-31 10:57:46','2019-01-31 14:52:05'),(389,'AC-108',2,4,'AC - 108','unit',123,0,123,1,1,10,'2019-01-31 10:58:15','2019-01-31 10:58:15'),(390,'LXIVCR',2,3,'LUXY IV NEW CR OSCAR ABU\" ORANGE','unit',123,0,123,1,1,10,'2019-01-31 14:45:36','2019-01-31 14:45:36'),(391,'AC213WARNA',2,4,'AC 213 WARNA COKLAT','unit',123,0,123,6,1,10,'2019-01-31 14:47:32','2019-01-31 14:47:32'),(392,'AC306WRNSLVR',2,4,'AC 306 WARNA SILVER','unit',123,0,123,1,1,10,'2019-01-31 14:48:41','2019-01-31 14:48:41'),(393,'ACW403WRNCKLT',2,4,'AC 403 WARNA COKLAT','unit',123,0,123,6,1,10,'2019-01-31 14:49:47','2019-01-31 14:49:47'),(394,'krsiiczlra3cotcklthtmkainRUSAK',2,1,'Zalora 3 COT Coklat hitam kain Rusak','unit',123,0,123,2,1,NULL,'2019-02-02 15:35:46','2019-02-22 10:54:35'),(395,'KSPENNSYVNIA200 (Bpk Juna punya 1 )',1,7,'PENNSYLVANIA','unit',123,0,123,2,1,NULL,'2019-02-02 17:50:34','2019-02-16 09:09:50'),(396,'HBKKOALND200',8,6,'OAKLAND 200','unit',123,0,123,0,1,10,'2019-02-04 10:36:11','2019-02-09 13:25:34'),(397,'kskkgc200',1,6,'Grand Classic 200','unit',123,0,123,0,1,10,'2019-02-04 10:37:20','2019-02-09 13:24:44'),(398,'KSSRPENNSYVNIA180',1,7,'PENNSYLVANIA 180','unit',123,0,123,2,1,10,'2019-02-04 10:41:15','2019-02-11 17:56:44'),(399,'KSFLTM180',1,8,'Touch Me 180','unit',123,0,123,1,1,45,'2019-02-11 14:15:48','2019-02-11 14:15:48'),(400,'DVKKBALT180 (Display)',7,6,'Divan Baltimore 180','unit',123,0,123,1,1,10,'2019-02-11 17:24:35','2019-02-11 17:24:35'),(401,'HBKKBLOOM180 (Display)',8,6,'Headboard Bloomingdale 180','unit',123,0,123,1,1,10,'2019-02-11 17:28:34','2019-02-11 17:28:34'),(402,'DVKKBR180 (Display)',7,6,'Body Respon 180','unit',123,0,123,1,1,10,'2019-02-11 17:31:27','2019-02-11 17:31:27'),(403,'KSKKWE180 (Display)',1,6,'World Endorsed 180','unit',123,0,123,1,1,10,'2019-02-11 17:33:22','2019-02-11 17:33:22'),(404,'KSKKGC180 (Display)',1,6,'Grand Classic 180','unit',123,0,123,1,1,10,'2019-02-11 17:34:51','2019-02-11 17:34:51'),(405,'HBSRBG180 (Display)',8,7,'Boston Grey 180','unit',123,0,123,2,1,10,'2019-02-11 17:50:36','2019-02-11 17:50:36'),(406,'DVSRBG180 (Display)',7,7,'Boston Grey 180','unit',123,0,123,2,1,10,'2019-02-11 17:53:33','2019-02-11 17:53:33'),(407,'DVSRCG180 (Display)',7,7,'CALESTIAL GREY 180','unit',123,0,123,1,1,10,'2019-02-11 18:06:45','2019-02-11 18:06:45'),(408,'DVFLLBR180 (Display)',7,8,'Lazzaro Brown 180','unit',123,0,123,1,1,10,'2019-02-12 09:28:06','2019-02-12 09:28:06'),(409,'KSFLGNOA180 (Display)',1,8,'GENOA 180','unit',123,0,123,1,1,NULL,'2019-02-12 09:33:36','2019-02-13 17:13:58'),(410,'HBFLSDBL180 (Display)',8,8,'Super Deluxe Black 180','unit',123,0,123,1,1,10,'2019-02-12 09:37:26','2019-02-12 09:37:26'),(411,'DVPBL180 (Display)',7,8,'PALERMO BLACK 180','unit',123,0,123,1,1,10,'2019-02-12 09:39:51','2019-02-12 09:39:51'),(412,'KSSRXTRM180',1,7,'XTREME 180','unit',123,0,123,1,1,1,'2019-02-12 14:20:27','2019-02-12 14:20:27'),(413,'HBKKBALT200 (Display Galeri)',8,6,'Baltimore 200','unit',123,0,123,1,1,10,'2019-02-14 16:18:56','2019-02-14 16:18:56'),(415,'MPKK180 (Display Galeri)',18,6,'Mattras Protector 180','unit',123,0,123,1,1,NULL,'2019-02-14 16:23:22','2019-02-14 16:23:22'),(416,'KSLPT (Display Galeri)',1,8,'KASUR LIPAT','unit',123,0,123,1,1,NULL,'2019-02-14 16:50:01','2019-02-14 16:50:01'),(417,'SRGJR120 (Display Galeri)',9,7,'JR BLACK 120','unit',123,0,123,1,1,NULL,'2019-02-14 17:01:48','2019-02-14 17:01:48'),(418,'DVSRALSKA200',7,7,'Alaska 200','unit',123,0,123,1,1,10,'2019-02-16 09:11:34','2019-02-16 09:11:34'),(419,'HBSRALSKA200',8,7,'Alaska 200','unit',123,0,123,1,1,10,'2019-02-16 09:12:53','2019-02-16 09:12:53'),(420,'DVSRALSKABRWN180',7,7,'Alaska Brown 180','unit',123,0,123,3,1,10,'2019-02-18 17:48:01','2019-02-18 17:48:01'),(421,'DVFLGDBL160',7,8,'GOOD DREAM BLACK 160','unit',123,0,123,2,1,NULL,'2019-02-22 09:56:17','2019-02-27 13:22:47'),(422,'HBFLGDBL160',8,8,'GOOD DREAM BLACK 180','unit',123,0,123,3,1,NULL,'2019-02-22 09:57:13','2019-02-27 13:24:22'),(423,'DVFLGDBL180',7,8,'GOOD DREAM BLACK 180','unit',123,0,123,1,1,10,'2019-02-22 10:00:19','2019-02-22 10:00:19'),(424,'KSFLSIENA160',1,8,'Siena 160','unit',123,0,123,1,1,10,'2019-02-22 10:02:24','2019-02-22 10:02:24'),(425,'VRTEXTONE1',2,5,'TEXTONE 1 HITAM OSCAR','unit',123,0,123,6,1,10,'2019-02-28 09:28:25','2019-02-28 09:28:25'),(426,'VRDVIA1HITAMCR',2,5,'Davia hitam CR','unit',123,0,123,4,1,10,'2019-02-28 10:31:31','2019-02-28 10:31:31'),(427,'VRDVIA1CKLTCR',2,5,'Davia coklat CR','unit',123,0,123,3,1,10,'2019-02-28 10:32:16','2019-02-28 10:32:16'),(428,'VRBLUEZ1',2,5,'Bluez 1 Hitam Oscar','unit',123,0,123,4,1,10,'2019-02-28 10:33:29','2019-02-28 10:33:29'),(429,'VRBLUEZ3',2,5,'BLUEZ 3 HITAM OSCAR','unit',123,0,123,16,1,10,'2019-02-28 10:34:14','2019-02-28 10:34:14'),(430,'VROVABY4',2,5,'Ovaby 4','unit',123,0,123,15,1,10,'2019-02-28 10:35:18','2019-02-28 10:35:18'),(431,'IC609EUACOT084',2,1,'IC 609 EUA cot 084','unit',123,0,123,10,1,10,'2019-02-28 10:37:18','2019-02-28 10:37:18'),(432,'ICVERINO1HDT',2,1,'Verino 1 HDT','unit',123,0,123,1,1,10,'2019-02-28 10:38:56','2019-02-28 10:38:56'),(433,'ICTG 919 Mapple (1 Rusak)',11,1,'ICTG 919 Mapple','unit',123,0,123,2,1,NULL,'2019-02-28 10:40:49','2019-03-02 10:22:48'),(434,'Zalora1Hitam',2,1,'Zalora 1 Hitam','unit',123,0,123,15,1,10,'2019-03-02 09:13:54','2019-03-02 09:13:54'),(435,'IC011C',2,1,'IC 011 C BIRU','unit',123,0,123,29,1,10,'2019-03-02 09:19:16','2019-03-02 09:19:16'),(436,'VC3S',2,1,'VC 3 S','unit',123,0,123,2,1,10,'2019-03-02 09:39:56','2019-03-02 09:39:56'),(438,'VRONZABLCK',2,5,'ONZA BLACK MERAH KAIN','unit',123,0,123,36,1,10,'2019-03-02 10:21:02','2019-03-02 10:21:02'),(439,'MJICX902',10,1,'ICX 902','unit',123,0,123,5,1,NULL,'2019-03-02 13:50:34','2019-03-02 16:15:26'),(440,'LCICX706',15,1,'ICX 706','unit',123,0,123,5,1,10,'2019-03-02 14:38:38','2019-03-02 14:38:38'),(441,'MJIC902A',10,1,'IC 902 A','unit',123,0,123,8,1,10,'2019-03-02 14:44:27','2019-03-02 14:44:27'),(442,'DVSRALSKABRWN160',7,7,'Alaska Brown 160','unit',123,0,123,1,1,10,'2019-03-02 15:23:18','2019-03-02 15:23:18'),(443,'HBSRALSKABRWN160',8,7,'Alaska Brown 160','unit',123,0,123,1,1,10,'2019-03-02 15:26:56','2019-03-02 15:26:56'),(444,'KSSRPENNSYVNIA160',1,7,'PENNSYLVANIA 160','unit',123,0,123,1,1,10,'2019-03-02 15:27:50','2019-03-02 15:27:50'),(445,'ICT997A',10,1,'ICT 997 A','unit',123,0,123,1,1,10,'2019-03-04 09:20:41','2019-03-04 09:20:41'),(447,'KSSRIBLANCE120',1,7,'I Balance 120','unit',123,0,123,2,1,10,'2019-03-04 14:33:46','2019-03-04 14:33:46');
/*!40000 ALTER TABLE `barangs` ENABLE KEYS */;
UNLOCK TABLES;

--
-- Table structure for table `categories`
--

DROP TABLE IF EXISTS `categories`;
/*!40101 SET @saved_cs_client     = @@character_set_client */;
/*!40101 SET character_set_client = utf8 */;
CREATE TABLE `categories` (
  `id` int(10) unsigned NOT NULL AUTO_INCREMENT,
  `kategori` varchar(191) COLLATE utf8mb4_unicode_ci NOT NULL,
  `created_at` timestamp NULL DEFAULT NULL,
  `updated_at` timestamp NULL DEFAULT NULL,
  PRIMARY KEY (`id`)
) ENGINE=InnoDB AUTO_INCREMENT=25 DEFAULT CHARSET=utf8mb4 COLLATE=utf8mb4_unicode_ci;
/*!40101 SET character_set_client = @saved_cs_client */;

--
-- Dumping data for table `categories`
--

LOCK TABLES `categories` WRITE;
/*!40000 ALTER TABLE `categories` DISABLE KEYS */;
INSERT INTO `categories` VALUES (1,'Kasur','2018-09-20 10:47:13','2018-09-20 10:49:34'),(2,'Kursi','2018-09-20 10:49:25','2018-09-20 10:49:25'),(3,'BOLSTER','2018-09-20 10:49:53','2019-01-15 13:27:26'),(4,'PILLOW','2018-09-20 10:50:05','2019-01-15 13:27:37'),(5,'Sofabed','2018-09-20 10:50:15','2018-09-20 10:50:15'),(6,'Sofa 321','2018-09-20 10:50:26','2018-09-20 10:50:26'),(7,'Divan','2018-09-20 10:50:47','2018-09-20 10:50:47'),(8,'Headboard','2018-09-20 10:50:57','2018-09-20 10:50:57'),(9,'Sorong','2018-09-21 16:54:30','2018-09-21 16:54:30'),(10,'Meja','2019-01-10 12:54:46','2019-01-10 12:54:46'),(11,'Meja Rapat','2019-01-10 13:26:05','2019-01-10 13:26:05'),(12,'Sofa 321','2019-01-10 13:41:13','2019-01-10 13:41:13'),(13,'Lemari','2019-01-10 14:28:22','2019-01-10 14:28:22'),(14,'Filling Cabinet','2019-01-10 14:34:59','2019-01-10 14:34:59'),(15,'Laci','2019-01-11 11:17:20','2019-01-11 11:17:20'),(18,'Mattress Protector','2019-01-15 13:20:25','2019-01-19 16:04:26'),(19,'KASUR LIPAT','2019-01-15 13:22:08','2019-01-15 13:22:08'),(20,'BONEKA SERTA JR','2019-01-18 14:45:36','2019-01-18 14:45:36'),(21,'Sprei','2019-01-19 16:04:56','2019-01-19 16:04:56'),(22,'Kaki','2019-01-30 14:47:40','2019-01-30 14:47:40'),(23,'KAKI PLATO','2019-01-30 17:33:19','2019-01-30 17:33:19'),(24,'Meja Makan','2019-02-06 14:53:05','2019-02-06 14:53:05');
/*!40000 ALTER TABLE `categories` ENABLE KEYS */;
UNLOCK TABLES;

--
-- Table structure for table `customers`
--

DROP TABLE IF EXISTS `customers`;
/*!40101 SET @saved_cs_client     = @@character_set_client */;
/*!40101 SET character_set_client = utf8 */;
CREATE TABLE `customers` (
  `id` int(10) unsigned NOT NULL AUTO_INCREMENT,
  `cust` varchar(191) COLLATE utf8mb4_unicode_ci NOT NULL,
  `alamat` varchar(191) COLLATE utf8mb4_unicode_ci NOT NULL,
  `telp` varchar(191) COLLATE utf8mb4_unicode_ci NOT NULL,
  `created_at` timestamp NULL DEFAULT NULL,
  `updated_at` timestamp NULL DEFAULT NULL,
  PRIMARY KEY (`id`),
  UNIQUE KEY `customers_telp_unique` (`telp`)
) ENGINE=InnoDB AUTO_INCREMENT=2 DEFAULT CHARSET=utf8mb4 COLLATE=utf8mb4_unicode_ci;
/*!40101 SET character_set_client = @saved_cs_client */;

--
-- Dumping data for table `customers`
--

LOCK TABLES `customers` WRITE;
/*!40000 ALTER TABLE `customers` DISABLE KEYS */;
INSERT INTO `customers` VALUES (1,'Bpk. Rahmat','jl.aaa','085102707733','2019-01-10 16:23:29','2019-01-10 16:23:29');
/*!40000 ALTER TABLE `customers` ENABLE KEYS */;
UNLOCK TABLES;

--
-- Table structure for table `deliveryorders`
--

DROP TABLE IF EXISTS `deliveryorders`;
/*!40101 SET @saved_cs_client     = @@character_set_client */;
/*!40101 SET character_set_client = utf8 */;
CREATE TABLE `deliveryorders` (
  `id` int(10) unsigned NOT NULL AUTO_INCREMENT,
  `penjualan_id` int(10) unsigned NOT NULL,
  `user_id` int(10) unsigned NOT NULL,
  `driver` varchar(191) COLLATE utf8mb4_unicode_ci NOT NULL,
  `status` enum('belum kirim','on progress','terkirim') COLLATE utf8mb4_unicode_ci NOT NULL DEFAULT 'belum kirim',
  `created_at` timestamp NULL DEFAULT NULL,
  `updated_at` timestamp NULL DEFAULT NULL,
  PRIMARY KEY (`id`),
  KEY `deliveryorders_penjualan_id_foreign` (`penjualan_id`),
  KEY `deliveryorders_user_id_foreign` (`user_id`),
  CONSTRAINT `deliveryorders_penjualan_id_foreign` FOREIGN KEY (`penjualan_id`) REFERENCES `penjualans` (`id`) ON DELETE CASCADE ON UPDATE CASCADE,
  CONSTRAINT `deliveryorders_user_id_foreign` FOREIGN KEY (`user_id`) REFERENCES `users` (`id`) ON DELETE CASCADE ON UPDATE CASCADE
) ENGINE=InnoDB DEFAULT CHARSET=utf8mb4 COLLATE=utf8mb4_unicode_ci;
/*!40101 SET character_set_client = @saved_cs_client */;

--
-- Dumping data for table `deliveryorders`
--

LOCK TABLES `deliveryorders` WRITE;
/*!40000 ALTER TABLE `deliveryorders` DISABLE KEYS */;
/*!40000 ALTER TABLE `deliveryorders` ENABLE KEYS */;
UNLOCK TABLES;

--
-- Table structure for table `detilpembelians`
--

DROP TABLE IF EXISTS `detilpembelians`;
/*!40101 SET @saved_cs_client     = @@character_set_client */;
/*!40101 SET character_set_client = utf8 */;
CREATE TABLE `detilpembelians` (
  `id` int(10) unsigned NOT NULL AUTO_INCREMENT,
  `pembelian_id` int(10) unsigned NOT NULL,
  `barang_id` int(10) unsigned NOT NULL,
  `qty` int(10) unsigned NOT NULL,
  `hrgsatuan` int(11) NOT NULL,
  `subtotal` int(11) NOT NULL,
  `created_at` timestamp NULL DEFAULT NULL,
  `updated_at` timestamp NULL DEFAULT NULL,
  `ongkir_pembelian` int(10) unsigned NOT NULL DEFAULT '0',
  PRIMARY KEY (`id`),
  KEY `detilpembelians_pembelian_id_foreign` (`pembelian_id`),
  KEY `detilpembelians_barang_id_foreign` (`barang_id`),
  CONSTRAINT `detilpembelians_barang_id_foreign` FOREIGN KEY (`barang_id`) REFERENCES `barangs` (`id`) ON DELETE CASCADE ON UPDATE CASCADE,
  CONSTRAINT `detilpembelians_pembelian_id_foreign` FOREIGN KEY (`pembelian_id`) REFERENCES `pembelians` (`id`) ON DELETE CASCADE ON UPDATE CASCADE
) ENGINE=InnoDB DEFAULT CHARSET=utf8mb4 COLLATE=utf8mb4_unicode_ci;
/*!40101 SET character_set_client = @saved_cs_client */;

--
-- Dumping data for table `detilpembelians`
--

LOCK TABLES `detilpembelians` WRITE;
/*!40000 ALTER TABLE `detilpembelians` DISABLE KEYS */;
/*!40000 ALTER TABLE `detilpembelians` ENABLE KEYS */;
UNLOCK TABLES;

--
-- Table structure for table `detilpenjualans`
--

DROP TABLE IF EXISTS `detilpenjualans`;
/*!40101 SET @saved_cs_client     = @@character_set_client */;
/*!40101 SET character_set_client = utf8 */;
CREATE TABLE `detilpenjualans` (
  `id` int(10) unsigned NOT NULL AUTO_INCREMENT,
  `penjualan_id` int(10) unsigned NOT NULL,
  `barang_id` int(10) unsigned NOT NULL,
  `qty` int(10) unsigned NOT NULL,
  `hrg_jual` int(10) unsigned NOT NULL,
  `hrg_beli` int(10) unsigned NOT NULL,
  `discount` int(10) unsigned DEFAULT '0',
  `nom_discount` int(10) unsigned NOT NULL,
  `hrg_jual_discount` int(10) unsigned NOT NULL,
  `potongan_item` int(10) unsigned NOT NULL,
  `hrg_jual_net` int(10) unsigned NOT NULL,
  `created_at` timestamp NULL DEFAULT NULL,
  `updated_at` timestamp NULL DEFAULT NULL,
  `ongkir_pembelian` int(10) unsigned NOT NULL DEFAULT '0',
  PRIMARY KEY (`id`)
) ENGINE=InnoDB AUTO_INCREMENT=13 DEFAULT CHARSET=utf8mb4 COLLATE=utf8mb4_unicode_ci;
/*!40101 SET character_set_client = @saved_cs_client */;

--
-- Dumping data for table `detilpenjualans`
--

LOCK TABLES `detilpenjualans` WRITE;
/*!40000 ALTER TABLE `detilpenjualans` DISABLE KEYS */;
INSERT INTO `detilpenjualans` VALUES (1,1,2,1,24000000,20000000,0,0,24000000,0,24000000,'2019-01-10 16:24:45','2019-01-10 16:24:45',0),(2,2,3,1,32700000,30000000,0,0,32700000,200000,32500000,'2019-01-10 16:27:17','2019-01-10 16:27:17',0),(3,3,3,1,32700000,30000000,45,14715000,17985000,0,17985000,'2019-01-11 16:38:27','2019-01-11 16:38:27',0),(4,4,3,1,32700000,30000000,45,14715000,17985000,0,17985000,'2019-01-11 16:38:28','2019-01-11 16:38:28',0),(5,5,3,1,32700000,30000000,45,14715000,17985000,0,17985000,'2019-01-11 16:38:28','2019-01-11 16:38:28',0),(6,6,3,1,32700000,30000000,45,14715000,17985000,0,17985000,'2019-01-11 16:38:28','2019-01-11 16:38:28',0),(7,7,3,1,32700000,30000000,45,14715000,17985000,0,17985000,'2019-01-11 16:38:29','2019-01-11 16:38:29',0),(8,8,3,1,32700000,30000000,45,14715000,17985000,0,17985000,'2019-01-11 16:38:32','2019-01-11 16:38:32',0),(9,9,3,1,32700000,30000000,35,11445000,21255000,0,21255000,'2019-01-12 17:29:06','2019-01-12 17:29:06',0),(10,10,3,1,32700000,30000000,35,11445000,21255000,0,21255000,'2019-01-12 17:29:10','2019-01-12 17:29:10',0),(11,11,9,1,44200000,44200000,0,0,44200000,300000,43900000,'2019-01-12 20:35:01','2019-01-12 20:35:01',0),(12,12,13,1,14500000,14500000,0,0,14500000,0,14500000,'2019-01-12 20:42:55','2019-01-12 20:42:55',0);
/*!40000 ALTER TABLE `detilpenjualans` ENABLE KEYS */;
UNLOCK TABLES;

--
-- Table structure for table `indent_penjualan`
--

DROP TABLE IF EXISTS `indent_penjualan`;
/*!40101 SET @saved_cs_client     = @@character_set_client */;
/*!40101 SET character_set_client = utf8 */;
CREATE TABLE `indent_penjualan` (
  `indent_id` int(10) unsigned NOT NULL,
  `penjualan_id` int(10) unsigned NOT NULL,
  KEY `indent_penjualan_indent_id_foreign` (`indent_id`),
  KEY `indent_penjualan_penjualan_id_foreign` (`penjualan_id`),
  CONSTRAINT `indent_penjualan_indent_id_foreign` FOREIGN KEY (`indent_id`) REFERENCES `indents` (`id`) ON DELETE CASCADE ON UPDATE CASCADE,
  CONSTRAINT `indent_penjualan_penjualan_id_foreign` FOREIGN KEY (`penjualan_id`) REFERENCES `penjualans` (`id`) ON DELETE CASCADE ON UPDATE CASCADE
) ENGINE=InnoDB DEFAULT CHARSET=utf8mb4 COLLATE=utf8mb4_unicode_ci;
/*!40101 SET character_set_client = @saved_cs_client */;

--
-- Dumping data for table `indent_penjualan`
--

LOCK TABLES `indent_penjualan` WRITE;
/*!40000 ALTER TABLE `indent_penjualan` DISABLE KEYS */;
/*!40000 ALTER TABLE `indent_penjualan` ENABLE KEYS */;
UNLOCK TABLES;

--
-- Table structure for table `indents`
--

DROP TABLE IF EXISTS `indents`;
/*!40101 SET @saved_cs_client     = @@character_set_client */;
/*!40101 SET character_set_client = utf8 */;
CREATE TABLE `indents` (
  `id` int(10) unsigned NOT NULL AUTO_INCREMENT,
  `nama` varchar(191) COLLATE utf8mb4_unicode_ci NOT NULL,
  `telp` varchar(191) COLLATE utf8mb4_unicode_ci NOT NULL,
  `email` varchar(191) COLLATE utf8mb4_unicode_ci NOT NULL,
  `barang_id` int(10) unsigned NOT NULL,
  `tgl_indent` date NOT NULL,
  `tgl_ready` date NOT NULL,
  `qty` int(11) NOT NULL,
  `keterangan` varchar(191) COLLATE utf8mb4_unicode_ci NOT NULL,
  `status` tinyint(1) NOT NULL,
  `created_at` timestamp NULL DEFAULT NULL,
  `updated_at` timestamp NULL DEFAULT NULL,
  PRIMARY KEY (`id`)
) ENGINE=InnoDB DEFAULT CHARSET=utf8mb4 COLLATE=utf8mb4_unicode_ci;
/*!40101 SET character_set_client = @saved_cs_client */;

--
-- Dumping data for table `indents`
--

LOCK TABLES `indents` WRITE;
/*!40000 ALTER TABLE `indents` DISABLE KEYS */;
/*!40000 ALTER TABLE `indents` ENABLE KEYS */;
UNLOCK TABLES;

--
-- Table structure for table `logpembelians`
--

DROP TABLE IF EXISTS `logpembelians`;
/*!40101 SET @saved_cs_client     = @@character_set_client */;
/*!40101 SET character_set_client = utf8 */;
CREATE TABLE `logpembelians` (
  `id` int(10) unsigned NOT NULL AUTO_INCREMENT,
  `user_id` int(10) unsigned NOT NULL,
  `pembelian_id` int(10) unsigned NOT NULL,
  `ketlog` varchar(191) COLLATE utf8mb4_unicode_ci NOT NULL,
  `created_at` timestamp NULL DEFAULT NULL,
  `updated_at` timestamp NULL DEFAULT NULL,
  PRIMARY KEY (`id`),
  KEY `logpembelians_user_id_foreign` (`user_id`),
  KEY `logpembelians_pembelian_id_foreign` (`pembelian_id`),
  CONSTRAINT `logpembelians_pembelian_id_foreign` FOREIGN KEY (`pembelian_id`) REFERENCES `pembelians` (`id`) ON DELETE CASCADE ON UPDATE CASCADE,
  CONSTRAINT `logpembelians_user_id_foreign` FOREIGN KEY (`user_id`) REFERENCES `users` (`id`) ON DELETE CASCADE ON UPDATE CASCADE
) ENGINE=InnoDB DEFAULT CHARSET=utf8mb4 COLLATE=utf8mb4_unicode_ci;
/*!40101 SET character_set_client = @saved_cs_client */;

--
-- Dumping data for table `logpembelians`
--

LOCK TABLES `logpembelians` WRITE;
/*!40000 ALTER TABLE `logpembelians` DISABLE KEYS */;
/*!40000 ALTER TABLE `logpembelians` ENABLE KEYS */;
UNLOCK TABLES;

--
-- Table structure for table `logpenjualans`
--

DROP TABLE IF EXISTS `logpenjualans`;
/*!40101 SET @saved_cs_client     = @@character_set_client */;
/*!40101 SET character_set_client = utf8 */;
CREATE TABLE `logpenjualans` (
  `id` int(10) unsigned NOT NULL AUTO_INCREMENT,
  `user_id` int(10) unsigned NOT NULL,
  `penjualan_id` int(10) unsigned NOT NULL,
  `description` varchar(191) COLLATE utf8mb4_unicode_ci NOT NULL,
  `created_at` timestamp NULL DEFAULT NULL,
  `updated_at` timestamp NULL DEFAULT NULL,
  PRIMARY KEY (`id`),
  KEY `logpenjualans_user_id_foreign` (`user_id`),
  KEY `logpenjualans_penjualan_id_foreign` (`penjualan_id`),
  CONSTRAINT `logpenjualans_penjualan_id_foreign` FOREIGN KEY (`penjualan_id`) REFERENCES `penjualans` (`id`) ON DELETE CASCADE ON UPDATE CASCADE,
  CONSTRAINT `logpenjualans_user_id_foreign` FOREIGN KEY (`user_id`) REFERENCES `users` (`id`) ON DELETE CASCADE ON UPDATE CASCADE
) ENGINE=InnoDB AUTO_INCREMENT=13 DEFAULT CHARSET=utf8mb4 COLLATE=utf8mb4_unicode_ci;
/*!40101 SET character_set_client = @saved_cs_client */;

--
-- Dumping data for table `logpenjualans`
--

LOCK TABLES `logpenjualans` WRITE;
/*!40000 ALTER TABLE `logpenjualans` DISABLE KEYS */;
INSERT INTO `logpenjualans` VALUES (1,1,1,'create new penjualan','2019-01-10 16:24:45','2019-01-10 16:24:45'),(2,1,2,'create new penjualan','2019-01-10 16:27:17','2019-01-10 16:27:17'),(3,1,3,'create new penjualan','2019-01-11 16:38:27','2019-01-11 16:38:27'),(4,1,4,'create new penjualan','2019-01-11 16:38:28','2019-01-11 16:38:28'),(5,1,5,'create new penjualan','2019-01-11 16:38:29','2019-01-11 16:38:29'),(6,1,6,'create new penjualan','2019-01-11 16:38:29','2019-01-11 16:38:29'),(7,1,7,'create new penjualan','2019-01-11 16:38:29','2019-01-11 16:38:29'),(8,1,8,'create new penjualan','2019-01-11 16:38:32','2019-01-11 16:38:32'),(9,1,9,'create new penjualan','2019-01-12 17:29:06','2019-01-12 17:29:06'),(10,1,10,'create new penjualan','2019-01-12 17:29:10','2019-01-12 17:29:10'),(11,1,11,'create new penjualan','2019-01-12 20:35:01','2019-01-12 20:35:01'),(12,1,12,'create new penjualan','2019-01-12 20:42:55','2019-01-12 20:42:55');
/*!40000 ALTER TABLE `logpenjualans` ENABLE KEYS */;
UNLOCK TABLES;

--
-- Table structure for table `merks`
--

DROP TABLE IF EXISTS `merks`;
/*!40101 SET @saved_cs_client     = @@character_set_client */;
/*!40101 SET character_set_client = utf8 */;
CREATE TABLE `merks` (
  `id` int(10) unsigned NOT NULL AUTO_INCREMENT,
  `brand` varchar(191) COLLATE utf8mb4_unicode_ci NOT NULL,
  `created_at` timestamp NULL DEFAULT NULL,
  `updated_at` timestamp NULL DEFAULT NULL,
  PRIMARY KEY (`id`)
) ENGINE=InnoDB AUTO_INCREMENT=16 DEFAULT CHARSET=utf8mb4 COLLATE=utf8mb4_unicode_ci;
/*!40101 SET character_set_client = @saved_cs_client */;

--
-- Dumping data for table `merks`
--

LOCK TABLES `merks` WRITE;
/*!40000 ALTER TABLE `merks` DISABLE KEYS */;
INSERT INTO `merks` VALUES (1,'ICHIKO','2018-09-18 18:20:33','2018-09-18 18:20:33'),(2,'HOKITA','2018-09-18 18:20:46','2018-09-18 18:20:46'),(3,'INDACHI','2018-09-18 18:20:56','2018-09-18 18:20:56'),(4,'AVEDA','2018-09-18 18:21:20','2018-09-18 18:21:20'),(5,'VERIS','2018-09-18 18:21:36','2018-09-18 18:21:36'),(6,'KINGKOIL','2018-09-18 18:33:30','2018-09-18 18:33:30'),(7,'SERTA','2018-09-18 18:33:41','2018-09-18 18:33:41'),(8,'FLORENCE','2018-09-18 18:33:50','2018-09-18 18:33:50'),(10,'PANTERA','2018-09-19 12:19:42','2018-09-19 12:19:42'),(11,'LION','2019-01-10 14:29:37','2019-01-10 14:29:37'),(12,'ZEEZ','2019-01-14 12:45:04','2019-01-14 12:45:04'),(13,'VALERIE','2019-01-14 12:46:21','2019-01-14 12:46:21'),(14,'VICTORIA','2019-01-14 12:46:31','2019-01-14 12:46:31'),(15,'UNO','2019-01-29 14:08:52','2019-01-29 14:08:52');
/*!40000 ALTER TABLE `merks` ENABLE KEYS */;
UNLOCK TABLES;

--
-- Table structure for table `migrations`
--

DROP TABLE IF EXISTS `migrations`;
/*!40101 SET @saved_cs_client     = @@character_set_client */;
/*!40101 SET character_set_client = utf8 */;
CREATE TABLE `migrations` (
  `id` int(10) unsigned NOT NULL AUTO_INCREMENT,
  `migration` varchar(191) COLLATE utf8mb4_unicode_ci NOT NULL,
  `batch` int(11) NOT NULL,
  PRIMARY KEY (`id`)
) ENGINE=InnoDB AUTO_INCREMENT=69 DEFAULT CHARSET=utf8mb4 COLLATE=utf8mb4_unicode_ci;
/*!40101 SET character_set_client = @saved_cs_client */;

--
-- Dumping data for table `migrations`
--

LOCK TABLES `migrations` WRITE;
/*!40000 ALTER TABLE `migrations` DISABLE KEYS */;
INSERT INTO `migrations` VALUES (21,'2014_10_12_000000_create_users_table',1),(22,'2014_10_12_100000_create_password_resets_table',1),(23,'2017_02_12_040210_entrust_setup_tables',1),(24,'2017_02_17_115350_create_categories_table',1),(25,'2017_02_17_115648_create_barangs_table',1),(26,'2017_02_17_120434_create_supliers_table',1),(27,'2017_02_17_121240_create_pembelians_table',1),(28,'2017_02_17_121545_create_detilpembelians_table',1),(29,'2017_02_18_012546_create_indents_table',1),(30,'2017_02_18_013830_create_penjualans_table',1),(38,'2017_02_18_024419_indent_penjualan',2),(39,'2017_02_18_025239_create_detilpenjualans_table',2),(40,'2017_02_18_032306_create_deliveryorders_table',2),(42,'2017_02_20_123645_create_merks_table',3),(43,'2017_02_20_123729_update_table_barang_1',3),(44,'2017_03_10_025413_update_table_pembelian1',4),(45,'2017_03_13_010739_update_table_penjualan1',5),(46,'2017_03_18_033923_update_table_pembelian2',6),(48,'2017_03_18_035156_update_table_barang_2',7),(49,'2017_03_18_040629_update_table_pembelian3',8),(55,'2017_03_19_042330_create_logpembelians_table',9),(56,'2017_03_20_044506_update_table_detilpembelian1',9),(57,'2017_03_21_121445_update_table_detilpenjualan1',9),(58,'2017_03_21_122507_create_logpenjualans_table',9),(59,'2017_03_25_035619_drop_update_table_role_permission',9),(60,'2017_04_03_065825_entrust_setup_table1',9),(64,'2017_04_16_025724_update_table_penjualan2',10),(65,'2017_04_21_014316_create_table_customers',10),(66,'2017_04_21_054231_update_table_penjualan3',11),(67,'2017_04_23_073850_create_transaksis_table',12),(68,'2017_04_23_083901_update_table_penjualan4',13);
/*!40000 ALTER TABLE `migrations` ENABLE KEYS */;
UNLOCK TABLES;

--
-- Table structure for table `password_resets`
--

DROP TABLE IF EXISTS `password_resets`;
/*!40101 SET @saved_cs_client     = @@character_set_client */;
/*!40101 SET character_set_client = utf8 */;
CREATE TABLE `password_resets` (
  `email` varchar(191) COLLATE utf8mb4_unicode_ci NOT NULL,
  `token` varchar(191) COLLATE utf8mb4_unicode_ci NOT NULL,
  `created_at` timestamp NULL DEFAULT NULL,
  KEY `password_resets_email_index` (`email`),
  KEY `password_resets_token_index` (`token`)
) ENGINE=InnoDB DEFAULT CHARSET=utf8mb4 COLLATE=utf8mb4_unicode_ci;
/*!40101 SET character_set_client = @saved_cs_client */;

--
-- Dumping data for table `password_resets`
--

LOCK TABLES `password_resets` WRITE;
/*!40000 ALTER TABLE `password_resets` DISABLE KEYS */;
/*!40000 ALTER TABLE `password_resets` ENABLE KEYS */;
UNLOCK TABLES;

--
-- Table structure for table `pembelians`
--

DROP TABLE IF EXISTS `pembelians`;
/*!40101 SET @saved_cs_client     = @@character_set_client */;
/*!40101 SET character_set_client = utf8 */;
CREATE TABLE `pembelians` (
  `id` int(10) unsigned NOT NULL AUTO_INCREMENT,
  `suplier_id` int(10) unsigned NOT NULL,
  `no_faktur` varchar(191) COLLATE utf8mb4_unicode_ci NOT NULL,
  `tgl_faktur` date DEFAULT NULL,
  `jth_tempo` date DEFAULT NULL,
  `tgl_pengiriman` date DEFAULT NULL,
  `tgl_terima` date DEFAULT NULL,
  `no_sjpembelian` varchar(191) COLLATE utf8mb4_unicode_ci NOT NULL DEFAULT 'null',
  `user_id` int(10) unsigned NOT NULL,
  `created_at` timestamp NULL DEFAULT NULL,
  `updated_at` timestamp NULL DEFAULT NULL,
  `jenis` varchar(191) COLLATE utf8mb4_unicode_ci NOT NULL,
  PRIMARY KEY (`id`),
  UNIQUE KEY `pembelians_no_faktur_unique` (`no_faktur`),
  UNIQUE KEY `pembelians_no_sjpembelian_unique` (`no_sjpembelian`),
  KEY `pembelians_suplier_id_foreign` (`suplier_id`),
  KEY `pembelians_user_id_foreign` (`user_id`),
  CONSTRAINT `pembelians_suplier_id_foreign` FOREIGN KEY (`suplier_id`) REFERENCES `supliers` (`id`) ON DELETE CASCADE ON UPDATE CASCADE,
  CONSTRAINT `pembelians_user_id_foreign` FOREIGN KEY (`user_id`) REFERENCES `users` (`id`) ON DELETE CASCADE ON UPDATE CASCADE
) ENGINE=InnoDB DEFAULT CHARSET=utf8mb4 COLLATE=utf8mb4_unicode_ci;
/*!40101 SET character_set_client = @saved_cs_client */;

--
-- Dumping data for table `pembelians`
--

LOCK TABLES `pembelians` WRITE;
/*!40000 ALTER TABLE `pembelians` DISABLE KEYS */;
/*!40000 ALTER TABLE `pembelians` ENABLE KEYS */;
UNLOCK TABLES;

--
-- Table structure for table `penjualans`
--

DROP TABLE IF EXISTS `penjualans`;
/*!40101 SET @saved_cs_client     = @@character_set_client */;
/*!40101 SET character_set_client = utf8 */;
CREATE TABLE `penjualans` (
  `id` int(10) unsigned NOT NULL AUTO_INCREMENT,
  `tgl_jual` date NOT NULL,
  `no_nota` varchar(191) COLLATE utf8mb4_unicode_ci NOT NULL,
  `user_id` int(10) unsigned NOT NULL,
  `created_at` timestamp NULL DEFAULT NULL,
  `updated_at` timestamp NULL DEFAULT NULL,
  `no_sjpenjualan` varchar(191) COLLATE utf8mb4_unicode_ci DEFAULT NULL,
  `tgl_kirim` date DEFAULT NULL,
  `sopir` varchar(191) COLLATE utf8mb4_unicode_ci DEFAULT NULL,
  `gudang` varchar(191) COLLATE utf8mb4_unicode_ci DEFAULT NULL,
  `status` varchar(191) COLLATE utf8mb4_unicode_ci NOT NULL DEFAULT 'sj',
  `customer_id` int(10) unsigned NOT NULL,
  `transaksi` varchar(191) COLLATE utf8mb4_unicode_ci NOT NULL,
  PRIMARY KEY (`id`),
  UNIQUE KEY `penjualans_no_nota_unique` (`no_nota`),
  KEY `penjualans_user_id_foreign` (`user_id`),
  KEY `penjualans_customer_id_foreign` (`customer_id`),
  CONSTRAINT `penjualans_customer_id_foreign` FOREIGN KEY (`customer_id`) REFERENCES `customers` (`id`) ON DELETE CASCADE ON UPDATE CASCADE,
  CONSTRAINT `penjualans_user_id_foreign` FOREIGN KEY (`user_id`) REFERENCES `users` (`id`) ON DELETE CASCADE ON UPDATE CASCADE
) ENGINE=InnoDB AUTO_INCREMENT=13 DEFAULT CHARSET=utf8mb4 COLLATE=utf8mb4_unicode_ci;
/*!40101 SET character_set_client = @saved_cs_client */;

--
-- Dumping data for table `penjualans`
--

LOCK TABLES `penjualans` WRITE;
/*!40000 ALTER TABLE `penjualans` DISABLE KEYS */;
INSERT INTO `penjualans` VALUES (1,'2019-01-10','001/IVC/GALERIE/I/2019',1,'2019-01-10 16:24:44','2019-01-12 20:08:44','001/DO/GALERIE/I/2019',NULL,NULL,NULL,'sj',1,'cash'),(2,'2019-01-10','002/IVC/GALERIE/I/2019',1,'2019-01-10 16:27:17','2019-01-10 16:27:17','002/DO/GALERIE/I/2019',NULL,NULL,NULL,'sj',1,'Cash'),(3,'2019-01-11','003/IVC/GALERIE/I/2019',1,'2019-01-11 16:38:27','2019-01-11 16:38:27','003/DO/GALERIE/I/2019',NULL,NULL,NULL,'sj',1,'Cash'),(4,'2019-01-11','004/IVC/GALERIE/I/2019',1,'2019-01-11 16:38:28','2019-01-11 16:38:28','004/DO/GALERIE/I/2019',NULL,NULL,NULL,'sj',1,'Cash'),(5,'2019-01-11','005/IVC/GALERIE/I/2019',1,'2019-01-11 16:38:28','2019-01-11 16:38:28','005/DO/GALERIE/I/2019',NULL,NULL,NULL,'sj',1,'Cash'),(6,'2019-01-11','006/IVC/GALERIE/I/2019',1,'2019-01-11 16:38:28','2019-01-11 16:38:28','006/DO/GALERIE/I/2019',NULL,NULL,NULL,'sj',1,'Cash'),(7,'2019-01-11','007/IVC/GALERIE/I/2019',1,'2019-01-11 16:38:29','2019-01-11 16:38:29','007/DO/GALERIE/I/2019',NULL,NULL,NULL,'sj',1,'Cash'),(8,'2019-01-11','008/IVC/GALERIE/I/2019',1,'2019-01-11 16:38:32','2019-01-11 16:38:32','008/DO/GALERIE/I/2019',NULL,NULL,NULL,'sj',1,'Cash'),(9,'2019-01-12','009/IVC/GALERIE/I/2019',1,'2019-01-12 17:29:06','2019-01-12 17:29:06','009/DO/GALERIE/I/2019',NULL,NULL,NULL,'sj',1,'Cash'),(10,'2019-01-12','0010/IVC/GALERIE/I/2019',1,'2019-01-12 17:29:09','2019-01-12 17:29:09','0010/DO/GALERIE/I/2019',NULL,NULL,NULL,'sj',1,'Cash'),(11,'2019-01-12','0011/IVC/GALERIE/I/2019',1,'2019-01-12 20:35:01','2019-01-12 20:35:01','0011/DO/GALERIE/I/2019',NULL,NULL,NULL,'sj',1,'Cash'),(12,'2019-01-12','0012/IVC/GALERIE/I/2019',1,'2019-01-12 20:42:55','2019-01-12 20:42:55','0012/DO/GALERIE/I/2019',NULL,NULL,NULL,'sj',1,'Cash');
/*!40000 ALTER TABLE `penjualans` ENABLE KEYS */;
UNLOCK TABLES;

--
-- Table structure for table `permission_role`
--

DROP TABLE IF EXISTS `permission_role`;
/*!40101 SET @saved_cs_client     = @@character_set_client */;
/*!40101 SET character_set_client = utf8 */;
CREATE TABLE `permission_role` (
  `permission_id` int(10) unsigned NOT NULL,
  `role_id` int(10) unsigned NOT NULL,
  PRIMARY KEY (`permission_id`,`role_id`),
  KEY `permission_role_role_id_foreign` (`role_id`),
  CONSTRAINT `permission_role_permission_id_foreign` FOREIGN KEY (`permission_id`) REFERENCES `permissions` (`id`) ON DELETE CASCADE ON UPDATE CASCADE,
  CONSTRAINT `permission_role_role_id_foreign` FOREIGN KEY (`role_id`) REFERENCES `roles` (`id`) ON DELETE CASCADE ON UPDATE CASCADE
) ENGINE=InnoDB DEFAULT CHARSET=utf8mb4 COLLATE=utf8mb4_unicode_ci;
/*!40101 SET character_set_client = @saved_cs_client */;

--
-- Dumping data for table `permission_role`
--

LOCK TABLES `permission_role` WRITE;
/*!40000 ALTER TABLE `permission_role` DISABLE KEYS */;
INSERT INTO `permission_role` VALUES (2,1),(2,2),(2,5),(3,1),(3,2),(3,5),(4,1),(4,2),(4,5),(5,1),(5,5),(6,1),(6,2),(6,3),(6,5),(7,1),(7,2),(7,5),(8,1),(8,2),(8,5),(9,1),(9,2),(9,5),(10,1),(10,2),(10,5),(11,1),(11,2),(11,5),(12,1),(12,2),(12,5),(13,1),(13,2),(13,5),(14,1),(14,2),(14,5),(15,1),(15,2),(15,5),(16,1),(16,2),(16,5),(17,1),(17,2),(17,5),(18,1),(18,2),(18,5),(19,1),(19,2),(19,5),(20,1),(20,2),(20,5),(21,1),(21,2),(21,5),(22,1),(22,2),(22,5),(23,1),(23,2),(23,5),(24,1),(24,2),(24,5),(25,1),(25,2),(25,5),(26,1),(26,2),(26,5),(27,1),(27,5),(28,1),(28,2),(28,5),(29,1),(29,2),(29,5),(30,1),(30,5),(31,1),(31,5),(32,1),(32,5),(33,1),(33,5),(34,1),(34,5),(35,1),(35,5),(36,1),(36,5),(37,1),(37,5),(38,1),(38,5),(39,1),(39,5),(40,1),(40,5),(41,1),(41,3),(41,5),(42,1),(42,5),(43,1),(43,5),(44,1),(44,5),(45,1),(45,5),(46,1),(46,5),(47,1),(47,5),(48,1),(48,5),(49,1),(49,2),(49,5),(50,1),(50,2),(50,5),(51,1),(51,5),(52,1),(53,1),(54,1),(55,1),(56,1);
/*!40000 ALTER TABLE `permission_role` ENABLE KEYS */;
UNLOCK TABLES;

--
-- Table structure for table `permissions`
--

DROP TABLE IF EXISTS `permissions`;
/*!40101 SET @saved_cs_client     = @@character_set_client */;
/*!40101 SET character_set_client = utf8 */;
CREATE TABLE `permissions` (
  `id` int(10) unsigned NOT NULL AUTO_INCREMENT,
  `name` varchar(191) COLLATE utf8mb4_unicode_ci NOT NULL,
  `display_name` varchar(191) COLLATE utf8mb4_unicode_ci DEFAULT NULL,
  `description` varchar(191) COLLATE utf8mb4_unicode_ci DEFAULT NULL,
  `created_at` timestamp NULL DEFAULT NULL,
  `updated_at` timestamp NULL DEFAULT NULL,
  PRIMARY KEY (`id`),
  UNIQUE KEY `permissions_name_unique` (`name`)
) ENGINE=InnoDB AUTO_INCREMENT=57 DEFAULT CHARSET=utf8mb4 COLLATE=utf8mb4_unicode_ci;
/*!40101 SET character_set_client = @saved_cs_client */;

--
-- Dumping data for table `permissions`
--

LOCK TABLES `permissions` WRITE;
/*!40000 ALTER TABLE `permissions` DISABLE KEYS */;
INSERT INTO `permissions` VALUES (2,'create_category','create_category','Bisa Membuat Kategori Produk Baru','2017-03-14 01:40:56','2018-09-05 14:42:40'),(3,'update_category','Update Category','Bisa Melakukan Update Kategori Produk','2017-03-14 01:42:42','2017-03-14 01:42:42'),(4,'delete_category','Delete Category','Bisa Menghapus Kategori produk','2017-04-01 23:52:54','2017-04-01 23:52:54'),(5,'manage_user','Manage User','Bisa Mengatur Hak Akses User di Aplikasi','2017-04-01 23:57:18','2017-04-01 23:57:18'),(6,'show_brand','Show Brand','Bisa Melihat Merk produk','2017-04-02 00:07:17','2017-04-02 00:07:17'),(7,'create_brand','Create Brand','Bisa Membuat Merk/Brand Baru','2017-04-03 05:14:03','2017-04-03 05:14:03'),(8,'update_brand','Update Brand','Bisa Merubah Brand/Merk','2017-04-03 05:15:14','2017-04-03 05:15:14'),(9,'delete_brand','Delete Brand','Bisa Menghapus Brand','2017-04-03 05:17:19','2017-04-03 05:17:19'),(10,'show_suplier','Show Suplier','Bisa Melihat Data Suplier','2017-04-03 05:46:30','2017-04-03 05:46:30'),(11,'create_suplier','Create Suplier','Bisa Membuat Data Suplier Baru','2017-04-03 05:48:23','2017-04-03 05:48:23'),(12,'update_suplier','Update Suplier','Bisa Merubah Data Suplier','2017-04-03 05:50:55','2017-04-03 05:50:55'),(13,'delete_suplier','Delete Suplier','Bisa Menghapus Data Suplier','2017-04-03 05:54:23','2017-04-03 05:54:23'),(14,'show_barang','Show Barang','Bisa Melihat Data Barang','2017-04-03 06:09:45','2017-04-03 06:09:45'),(15,'update_barang','Update Barang','Bisa Merubah Data Barang','2017-04-03 06:10:35','2017-04-03 06:10:35'),(16,'create_barang','Create Barang','Bisa Menambah Data Barang Baru','2017-04-03 06:11:24','2017-04-03 06:11:24'),(17,'delete_barang','Delete Barang','Bisa Menghapus Data Barang','2017-04-03 06:13:29','2017-04-03 06:13:29'),(18,'show_gudang','Show Gudang','Bisa Mengakses Menu Gudang','2017-04-03 06:28:24','2017-04-03 06:28:24'),(19,'show_sjpembelian','Show SJ/DO Pembelian','Bisa Melihat SJ/DO Pembelian','2017-04-03 06:31:09','2017-04-03 06:31:09'),(20,'create_sjpembelian','Create SJ/DO Pembelian','Bisa Membuat SJ/DO Pembelian Baru','2017-04-03 06:44:28','2017-04-03 06:44:28'),(21,'show_detilsjpembelian','Show Detil SJ/DO Pembelian','Bisa Melihat Detil SJ/DO Pembelian','2017-04-03 06:46:15','2017-04-03 06:46:15'),(22,'save_sjpembelian','Save SJ/DO Pembelian','Bisa Menyimpan SJ Pembelian','2017-04-03 06:55:09','2017-04-03 06:55:09'),(23,'show_sjpenjualan','Show SJ/DO Penjualan','Bisa Melihat SJ/DO Penjualan','2017-04-03 07:01:49','2017-04-03 07:01:49'),(24,'show_kasir','Show Kasir','Bisa Melihat Menu Kasir','2017-04-03 07:07:39','2017-04-03 07:07:39'),(25,'create_kasir','Create Kasir','Bisa Menyimpan Penjualan Di Halaman Kasir','2017-04-03 07:34:39','2017-04-03 07:34:39'),(26,'show_kasirtoday','Show Kasir Today','Bisa Melihat Penjualan Kasir Hari itu berdasarkan username','2017-04-03 07:42:30','2017-04-03 07:42:30'),(27,'show_pembelian','Show Pembelian\n','Bisa Melihat History Pembelian Barang','2017-04-03 17:05:39','2017-04-03 17:05:39'),(28,'show_pembeliansj','Show Pembelian SJ','Bisa Melihat Data Pembelian yang Masih Berstatus Surat Jalan','2017-04-03 17:13:20','2017-04-03 17:13:20'),(29,'show_detilpembeliansj','Show Detil Pembelian SJ','Bisa Melihat Detil Data Pembelian yang Masih Berstatus Surat Jalan','2017-04-03 17:18:32','2017-04-03 17:18:32'),(30,'show_updatepembeliansjform','Show Update Pembelian SJ Form','Bisa Melihat Form Update Pembelian yang masih berstatus SJ','2017-04-03 17:20:38','2017-04-03 17:20:38'),(31,'updatepembeliansj','Update Pembelian SJ','Bisa Menyimpan Perubahan yang telah dilakukan pada Pembelian Yang masih Berstatus SJ','2017-04-03 17:25:11','2017-04-03 17:25:11'),(32,'show_pembeliankredit','Show Pembelian Kredit','Bisa Melihat Pembelian yang Masih Berstatus Kredit','2017-04-03 17:31:48','2017-04-03 17:31:48'),(33,'show_pembeliancash','Show Pembelian Cash','Bisa Melihat Pembelian yang sudah Berstatus Cash','2017-04-03 17:36:13','2017-04-03 17:36:13'),(34,'show_laporanpenjualan','Show Laporan Penjualan','Bisa Melihat Menu Laporan Penjualan','2017-04-03 17:40:03','2017-04-03 17:40:03'),(35,'show_semuapenjualan','Show Semua Penjualan','Bisa Melihat Laporan Penjualan Semua Waktu','2017-04-03 17:52:05','2017-04-03 17:52:05'),(36,'show_penjualantoday','Show Penjualan Today','Bisa Melihat Laporan Penjualan Hari Ini','2017-04-03 17:55:02','2017-04-03 17:55:02'),(37,'printallpenjualan','Print All Penjualan','Bisa Mencetak Semua Data Penjualan','2017-04-04 22:45:14','2017-04-04 22:45:14'),(38,'previewallpenjualan','Preview All Penjualan','Bisa Melihat Semua Data Penjualan','2017-04-04 22:47:06','2017-04-04 22:47:06'),(39,'printtodaypenjualan','Print Today Penjualan','Bisa Mencetak Semua Penjualan Hari Ini','2017-04-04 23:32:12','2017-04-04 23:32:12'),(40,'previewtodaypenjualan','Preview Today Penjualan','Bisa Melihat semua Penjualan Hari Ini','2017-04-04 23:34:12','2017-04-04 23:34:12'),(41,'show_stok','Show Stok','Bisa Melihat Stok','2017-04-05 00:14:04','2017-04-05 00:14:04'),(42,'show_stokminimal','Show Stok Minimal','Bisa Melihat Stok Minimal','2017-04-05 00:14:41','2017-04-05 00:14:41'),(43,'printstokall','Print Stok All','Bisa Mencetak Stok Semua Barang','2017-04-13 18:26:32','2017-04-13 18:26:32'),(44,'printstokmin','Print Stok Min','Bisa Mencetak Stok Barang Yang Minimal','2017-04-13 18:52:00','2017-04-13 18:52:00'),(45,'show_penjualantimeframe','Show Penjualan Time Frame','Bisa Mencetak Penjualan Dengan Rentang Waktu','2017-04-13 19:07:17','2017-04-13 19:07:17'),(46,'printpenjualantimeframes','Print Penjualan TimeFrames','Bisa Mencetak Data Penjualan Dengan Rentang Waktu','2017-04-13 19:46:21','2017-04-13 19:46:21'),(47,'showtagihan','Show Tagihan','Bisa Melihat Tagihan Yang Akan Jatuh Tempo','2017-04-13 23:32:04','2017-04-13 23:32:04'),(48,'printtagihan','Print Tagihan','Bisa Mencetak Tagihan','2017-04-13 23:37:16','2017-04-13 23:37:16'),(49,'update_sjpenjualan','Update SJ Penjualan','Bisa Melakukan Update SJ Penjualan','2017-04-15 19:32:31','2017-04-15 19:32:31'),(50,'print_sjpenjualan','Print SJ Penjualan','Bisa Mencetak SJ Penjualan','2017-04-15 19:33:18','2017-04-15 19:33:18'),(51,'showkredit','Show Kredit','Bisa Melihat Penjualan Kredit Yang Belum Cair Dari Leasing',NULL,NULL),(52,'show_category','show_category','show category','2018-09-20 10:45:56','2018-09-20 10:45:56'),(53,'update_harga beli','update_harga beli','mengubah harga beli','2018-09-20 11:05:38','2018-09-20 11:05:38'),(54,'delete_master barang','delete_master barang','untuk hapus data di master barang','2018-09-20 12:05:34','2018-09-20 12:05:34'),(55,'update_master barang','update_master barang','bisa merubah dat master barang','2018-09-20 12:16:12','2018-09-20 12:16:12'),(56,'update_kasir','update_kasir','menginput data penjualan','2018-09-20 12:31:34','2018-09-20 12:31:34');
/*!40000 ALTER TABLE `permissions` ENABLE KEYS */;
UNLOCK TABLES;

--
-- Table structure for table `role_user`
--

DROP TABLE IF EXISTS `role_user`;
/*!40101 SET @saved_cs_client     = @@character_set_client */;
/*!40101 SET character_set_client = utf8 */;
CREATE TABLE `role_user` (
  `user_id` int(10) unsigned NOT NULL,
  `role_id` int(10) unsigned NOT NULL,
  PRIMARY KEY (`user_id`,`role_id`),
  KEY `role_user_role_id_foreign` (`role_id`),
  CONSTRAINT `role_user_role_id_foreign` FOREIGN KEY (`role_id`) REFERENCES `roles` (`id`) ON DELETE CASCADE ON UPDATE CASCADE,
  CONSTRAINT `role_user_user_id_foreign` FOREIGN KEY (`user_id`) REFERENCES `users` (`id`) ON DELETE CASCADE ON UPDATE CASCADE
) ENGINE=InnoDB DEFAULT CHARSET=utf8mb4 COLLATE=utf8mb4_unicode_ci;
/*!40101 SET character_set_client = @saved_cs_client */;

--
-- Dumping data for table `role_user`
--

LOCK TABLES `role_user` WRITE;
/*!40000 ALTER TABLE `role_user` DISABLE KEYS */;
INSERT INTO `role_user` VALUES (1,1),(4,2);
/*!40000 ALTER TABLE `role_user` ENABLE KEYS */;
UNLOCK TABLES;

--
-- Table structure for table `roles`
--

DROP TABLE IF EXISTS `roles`;
/*!40101 SET @saved_cs_client     = @@character_set_client */;
/*!40101 SET character_set_client = utf8 */;
CREATE TABLE `roles` (
  `id` int(10) unsigned NOT NULL AUTO_INCREMENT,
  `name` varchar(191) COLLATE utf8mb4_unicode_ci NOT NULL,
  `display_name` varchar(191) COLLATE utf8mb4_unicode_ci DEFAULT NULL,
  `description` varchar(191) COLLATE utf8mb4_unicode_ci DEFAULT NULL,
  `created_at` timestamp NULL DEFAULT NULL,
  `updated_at` timestamp NULL DEFAULT NULL,
  PRIMARY KEY (`id`),
  UNIQUE KEY `roles_name_unique` (`name`)
) ENGINE=InnoDB AUTO_INCREMENT=6 DEFAULT CHARSET=utf8mb4 COLLATE=utf8mb4_unicode_ci;
/*!40101 SET character_set_client = @saved_cs_client */;

--
-- Dumping data for table `roles`
--

LOCK TABLES `roles` WRITE;
/*!40000 ALTER TABLE `roles` DISABLE KEYS */;
INSERT INTO `roles` VALUES (1,'Admin','Admin','Hak Akses Untuk Administrator','2017-04-02 23:10:01','2017-04-03 04:17:44'),(2,'Kasir','Kasir','Hak Akses Untuk Kasir','2017-04-03 03:43:47','2017-04-03 04:17:22'),(3,'Gudang','Gudang','Hak Akses Untuk Gudang','2017-04-03 03:44:53','2017-04-03 03:44:53'),(5,'rosliana','rosliana','Hak Akses untuk ibu Rosliana','2017-06-13 00:20:13','2017-06-13 00:20:13');
/*!40000 ALTER TABLE `roles` ENABLE KEYS */;
UNLOCK TABLES;

--
-- Table structure for table `supliers`
--

DROP TABLE IF EXISTS `supliers`;
/*!40101 SET @saved_cs_client     = @@character_set_client */;
/*!40101 SET character_set_client = utf8 */;
CREATE TABLE `supliers` (
  `id` int(10) unsigned NOT NULL AUTO_INCREMENT,
  `nama` varchar(191) COLLATE utf8mb4_unicode_ci NOT NULL,
  `alamat` varchar(191) COLLATE utf8mb4_unicode_ci DEFAULT NULL,
  `telp` varchar(191) COLLATE utf8mb4_unicode_ci DEFAULT NULL,
  `email` varchar(191) COLLATE utf8mb4_unicode_ci DEFAULT NULL,
  `created_at` timestamp NULL DEFAULT NULL,
  `updated_at` timestamp NULL DEFAULT NULL,
  PRIMARY KEY (`id`)
) ENGINE=InnoDB AUTO_INCREMENT=6 DEFAULT CHARSET=utf8mb4 COLLATE=utf8mb4_unicode_ci;
/*!40101 SET character_set_client = @saved_cs_client */;

--
-- Dumping data for table `supliers`
--

LOCK TABLES `supliers` WRITE;
/*!40000 ALTER TABLE `supliers` DISABLE KEYS */;
INSERT INTO `supliers` VALUES (2,'PT.Duta Abadi Primantara',NULL,NULL,NULL,'2018-09-20 12:09:37','2018-09-20 12:09:37'),(3,'ICHIKO',NULL,NULL,NULL,'2018-12-10 16:55:33','2018-12-10 16:55:33'),(4,'HOKITA',NULL,NULL,NULL,'2018-12-10 16:55:47','2018-12-10 16:55:47'),(5,'VERIS',NULL,NULL,NULL,'2018-12-10 16:56:08','2018-12-10 16:56:08');
/*!40000 ALTER TABLE `supliers` ENABLE KEYS */;
UNLOCK TABLES;

--
-- Table structure for table `transaksis`
--

DROP TABLE IF EXISTS `transaksis`;
/*!40101 SET @saved_cs_client     = @@character_set_client */;
/*!40101 SET character_set_client = utf8 */;
CREATE TABLE `transaksis` (
  `id` int(10) unsigned NOT NULL AUTO_INCREMENT,
  `transaksi` varchar(191) COLLATE utf8mb4_unicode_ci NOT NULL,
  `created_at` timestamp NULL DEFAULT NULL,
  `updated_at` timestamp NULL DEFAULT NULL,
  PRIMARY KEY (`id`)
) ENGINE=InnoDB AUTO_INCREMENT=6 DEFAULT CHARSET=utf8mb4 COLLATE=utf8mb4_unicode_ci;
/*!40101 SET character_set_client = @saved_cs_client */;

--
-- Dumping data for table `transaksis`
--

LOCK TABLES `transaksis` WRITE;
/*!40000 ALTER TABLE `transaksis` DISABLE KEYS */;
INSERT INTO `transaksis` VALUES (1,'Cash',NULL,NULL),(2,'KreditPlus',NULL,NULL),(3,'FIF SPEKTRA',NULL,NULL),(4,'ADIRA',NULL,NULL),(5,'Home Credit',NULL,NULL);
/*!40000 ALTER TABLE `transaksis` ENABLE KEYS */;
UNLOCK TABLES;

--
-- Table structure for table `users`
--

DROP TABLE IF EXISTS `users`;
/*!40101 SET @saved_cs_client     = @@character_set_client */;
/*!40101 SET character_set_client = utf8 */;
CREATE TABLE `users` (
  `id` int(10) unsigned NOT NULL AUTO_INCREMENT,
  `name` varchar(191) COLLATE utf8mb4_unicode_ci NOT NULL,
  `email` varchar(191) COLLATE utf8mb4_unicode_ci NOT NULL,
  `password` varchar(191) COLLATE utf8mb4_unicode_ci NOT NULL,
  `remember_token` varchar(100) COLLATE utf8mb4_unicode_ci DEFAULT NULL,
  `created_at` timestamp NULL DEFAULT NULL,
  `updated_at` timestamp NULL DEFAULT NULL,
  PRIMARY KEY (`id`),
  UNIQUE KEY `users_email_unique` (`email`)
) ENGINE=InnoDB AUTO_INCREMENT=5 DEFAULT CHARSET=utf8mb4 COLLATE=utf8mb4_unicode_ci;
/*!40101 SET character_set_client = @saved_cs_client */;

--
-- Dumping data for table `users`
--

LOCK TABLES `users` WRITE;
/*!40000 ALTER TABLE `users` DISABLE KEYS */;
INSERT INTO `users` VALUES (1,'superadmin','superadmin@mail.com','$2y$10$GEY3IdlR67n46FnX66n0cuMmSBl5uIxRkDIsqI0nQFN7TSeqKdUcO','4S5mYVgTSpeGEisipqcAH9fqMyKjYs5pvT5J5hs7vloqyb0AxgpVak4clvq7','2017-02-17 19:41:21','2017-02-17 19:41:21'),(2,'kasir','kasir@mail.com','$2y$10$k0sU5F5.bi0DYqM59CTRvuPr68xuitV/lEl.9sjAMPM9TFUtNNfea','8vb4dSlTDJg6BNKHNL0rEnniR9sND6R0dovFVgkH6HWdch52wpvTtXN2qOt9','2017-04-03 05:22:02','2017-04-03 05:22:02'),(3,'anti','skingkoil@yahoo.com','$2y$10$5NPlmjFlMSo5ZXdOHHN3Ru77vsSQTts6IS0XY2HMjbF7vD5VJeZO6','YJI3YDq4Ry0Sk0aZp82lfwXdF6A41g2PsfggTUsRWPh4nYv40EDZI1eA3Ei8','2018-08-30 17:44:15','2018-08-30 17:44:15'),(4,'atika','atikasamsudin@yahoo.com','$2y$10$QVv1BYATc58WWHnPnMRpI.x99JHrrqxmYzpX67jrgmuCKNe6GSTj6','y7xzWvnr2fDWnkDm2MzZBICAYoty43sESuzFAGA0OgiPZWxBwyAQy6LKGknG','2018-08-30 17:59:35','2018-08-30 17:59:35');
/*!40000 ALTER TABLE `users` ENABLE KEYS */;
UNLOCK TABLES;
/*!40103 SET TIME_ZONE=@OLD_TIME_ZONE */;

/*!40101 SET SQL_MODE=@OLD_SQL_MODE */;
/*!40014 SET FOREIGN_KEY_CHECKS=@OLD_FOREIGN_KEY_CHECKS */;
/*!40014 SET UNIQUE_CHECKS=@OLD_UNIQUE_CHECKS */;
/*!40101 SET CHARACTER_SET_CLIENT=@OLD_CHARACTER_SET_CLIENT */;
/*!40101 SET CHARACTER_SET_RESULTS=@OLD_CHARACTER_SET_RESULTS */;
/*!40101 SET COLLATION_CONNECTION=@OLD_COLLATION_CONNECTION */;
/*!40111 SET SQL_NOTES=@OLD_SQL_NOTES */;

-- Dump completed on 2019-03-14 20:34:21
